"","SITE","SST_range","SST_Mean","DATE_","COLONYLENGTH","MAX_DEPTH_M","Area_surveyed_m2","PER_DEAD","LATITUDE","LONGITUDE","YEAR","TAIL_BINS","Data_Source","Bleaching_Period"
"1","TUT-214",0.867999776204427,29.579896197293,"3/12/2025",35,11.5824,60,30,-14.28309,-170.607,2025,"QMED","esa","Post-Bleaching"
"2","TUT-214",0.867999776204427,29.579896197293,"3/12/2025",20,11.5824,60,5,-14.28309,-170.607,2025,"QMED","esa","Post-Bleaching"
"3","TUT-214",0.867999776204427,29.579896197293,"3/12/2025",50,11.5824,60,60,-14.28309,-170.607,2025,"Q80","esa","Post-Bleaching"
"4","TUT-214",0.867999776204427,29.579896197293,"3/12/2025",30,11.5824,60,25,-14.28309,-170.607,2025,"QMED","esa","Post-Bleaching"
"5","TUT-214",0.867999776204427,29.579896197293,"3/12/2025",35,11.5824,60,5,-14.28309,-170.607,2025,"QMED","esa","Post-Bleaching"
"6","TUT-214",0.867999776204427,29.579896197293,"3/12/2025",30,11.5824,60,60,-14.28309,-170.607,2025,"QMED","esa","Post-Bleaching"
"7","TUT-214",0.867999776204427,29.579896197293,"3/12/2025",70,11.5824,60,90,-14.28309,-170.607,2025,"Q80","esa","Post-Bleaching"
"8","TUT-214",0.867999776204427,29.579896197293,"3/12/2025",35,11.5824,60,25,-14.28309,-170.607,2025,"QMED","esa","Post-Bleaching"
"9","TUT-214",0.867999776204427,29.579896197293,"3/12/2025",70,11.5824,60,60,-14.28309,-170.607,2025,"Q80","esa","Post-Bleaching"
"10","TUT-214",0.867999776204427,29.579896197293,"3/12/2025",50,11.5824,60,50,-14.28309,-170.607,2025,"Q80","esa","Post-Bleaching"
"11","TUT-214",0.867999776204427,29.579896197293,"3/12/2025",100,11.5824,60,80,-14.28309,-170.607,2025,"Q80","esa","Post-Bleaching"
"12","TUT-214",0.867999776204427,29.579896197293,"3/12/2025",18,11.5824,60,0,-14.28309,-170.607,2025,"QMED","esa","Post-Bleaching"
"13","TUT-214",0.867999776204427,29.579896197293,"3/12/2025",40,11.5824,60,75,-14.28309,-170.607,2025,"QMED","esa","Post-Bleaching"
"14","TUT-214",0.867999776204427,29.579896197293,"3/12/2025",7,11.5824,60,0,-14.28309,-170.607,2025,"Q20","esa","Post-Bleaching"
"15","TUT-214",0.867999776204427,29.579896197293,"3/12/2025",5,11.5824,60,0,-14.28309,-170.607,2025,"Q20","esa","Post-Bleaching"
"16","TUT-214",0.867999776204427,29.579896197293,"3/12/2025",34,11.5824,60,10,-14.28309,-170.607,2025,"QMED","esa","Post-Bleaching"
"17","TUT-214",0.867999776204427,29.579896197293,"3/12/2025",5,11.5824,60,0,-14.28309,-170.607,2025,"Q20","esa","Post-Bleaching"
"18","TUT-214",0.867999776204427,29.579896197293,"3/12/2025",11,11.5824,60,10,-14.28309,-170.607,2025,"Q20","esa","Post-Bleaching"
"19","TUT-214",0.867999776204427,29.579896197293,"3/12/2025",6,11.5824,60,0,-14.28309,-170.607,2025,"Q20","esa","Post-Bleaching"
"20","TUT-214",0.867999776204427,29.579896197293,"3/12/2025",6,11.5824,60,0,-14.28309,-170.607,2025,"Q20","esa","Post-Bleaching"
"21","TUT-214",0.867999776204427,29.579896197293,"3/12/2025",7,11.5824,60,0,-14.28309,-170.607,2025,"Q20","esa","Post-Bleaching"
"22","TUT-214",0.867999776204427,29.579896197293,"3/12/2025",5,11.5824,60,0,-14.28309,-170.607,2025,"Q20","esa","Post-Bleaching"
"23","TUT-214",0.867999776204427,29.579896197293,"3/12/2025",5,11.5824,60,0,-14.28309,-170.607,2025,"Q20","esa","Post-Bleaching"
"24","TUT-214",0.867999776204427,29.579896197293,"3/12/2025",6,11.5824,60,0,-14.28309,-170.607,2025,"Q20","esa","Post-Bleaching"
"25","TUT-214",0.867999776204427,29.579896197293,"3/12/2025",5,11.5824,60,0,-14.28309,-170.607,2025,"Q20","esa","Post-Bleaching"
"26","TUT-214",0.867999776204427,29.579896197293,"3/12/2025",5,11.5824,60,0,-14.28309,-170.607,2025,"Q20","esa","Post-Bleaching"
"27","TUT-214",0.867999776204427,29.579896197293,"3/12/2025",50,11.5824,60,20,-14.28309,-170.607,2025,"Q80","esa","Post-Bleaching"
"28","TUT-214",0.867999776204427,29.579896197293,"3/12/2025",35,9.144,60,5,-14.28309,-170.607,2025,"QMED","esa","Post-Bleaching"
"29","TUT-214",0.867999776204427,29.579896197293,"3/12/2025",45,9.144,60,95,-14.28309,-170.607,2025,"Q80","esa","Post-Bleaching"
"30","TUT-214",0.867999776204427,29.579896197293,"3/12/2025",15,9.144,60,5,-14.28309,-170.607,2025,"QMED","esa","Post-Bleaching"
"31","TUT-214",0.867999776204427,29.579896197293,"3/12/2025",5,9.144,60,0,-14.28309,-170.607,2025,"Q20","esa","Post-Bleaching"
"32","TUT-214",0.867999776204427,29.579896197293,"3/12/2025",5,9.144,60,0,-14.28309,-170.607,2025,"Q20","esa","Post-Bleaching"
"33","TUT-214",0.867999776204427,29.579896197293,"3/12/2025",10,9.144,60,0,-14.28309,-170.607,2025,"Q20","esa","Post-Bleaching"
"34","TUT-214",0.867999776204427,29.579896197293,"3/12/2025",75,9.144,60,80,-14.28309,-170.607,2025,"Q80","esa","Post-Bleaching"
"35","TUT-214",0.867999776204427,29.579896197293,"3/12/2025",15,9.144,60,0,-14.28309,-170.607,2025,"QMED","esa","Post-Bleaching"
"36","TUT-214",0.867999776204427,29.579896197293,"3/12/2025",30,9.144,60,5,-14.28309,-170.607,2025,"QMED","esa","Post-Bleaching"
"37","TUT-214",0.867999776204427,29.579896197293,"3/12/2025",10,9.144,60,0,-14.28309,-170.607,2025,"Q20","esa","Post-Bleaching"
"38","TUT-214",0.867999776204427,29.579896197293,"3/12/2025",55,9.144,60,5,-14.28309,-170.607,2025,"Q80","esa","Post-Bleaching"
"39","TUT-214",0.867999776204427,29.579896197293,"3/12/2025",30,9.144,60,70,-14.28309,-170.607,2025,"QMED","esa","Post-Bleaching"
"40","TUT-214",0.867999776204427,29.579896197293,"3/12/2025",40,9.144,60,10,-14.28309,-170.607,2025,"QMED","esa","Post-Bleaching"
"41","TUT-214",0.867999776204427,29.579896197293,"3/12/2025",10,9.144,60,0,-14.28309,-170.607,2025,"Q20","esa","Post-Bleaching"
"42","TUT-214",0.867999776204427,29.579896197293,"3/12/2025",40,9.144,60,15,-14.28309,-170.607,2025,"QMED","esa","Post-Bleaching"
"43","TUT-214",0.867999776204427,29.579896197293,"3/12/2025",10,9.144,60,10,-14.28309,-170.607,2025,"Q20","esa","Post-Bleaching"
"44","TUT-214",0.867999776204427,29.579896197293,"3/12/2025",40,9.144,60,10,-14.28309,-170.607,2025,"QMED","esa","Post-Bleaching"
"45","TUT-214",0.867999776204427,29.579896197293,"3/12/2025",35,9.144,60,10,-14.28309,-170.607,2025,"QMED","esa","Post-Bleaching"
"46","TUT-214",0.867999776204427,29.579896197293,"3/12/2025",80,9.144,60,95,-14.28309,-170.607,2025,"Q80","esa","Post-Bleaching"
"47","TUT-214",0.867999776204427,29.579896197293,"3/12/2025",15,9.144,60,0,-14.28309,-170.607,2025,"QMED","esa","Post-Bleaching"
"48","TUT-214",0.867999776204427,29.579896197293,"3/12/2025",15,9.144,60,20,-14.28309,-170.607,2025,"QMED","esa","Post-Bleaching"
"49","TUT-214",0.867999776204427,29.579896197293,"3/12/2025",25,9.144,60,0,-14.28309,-170.607,2025,"QMED","esa","Post-Bleaching"
"50","TUT-214",0.867999776204427,29.579896197293,"3/12/2025",5,9.144,60,0,-14.28309,-170.607,2025,"Q20","esa","Post-Bleaching"
"51","TUT-214",0.867999776204427,29.579896197293,"3/12/2025",20,9.144,60,0,-14.28309,-170.607,2025,"QMED","esa","Post-Bleaching"
"52","TUT-214",0.867999776204427,29.579896197293,"3/12/2025",50,9.144,60,0,-14.28309,-170.607,2025,"Q80","esa","Post-Bleaching"
"53","TUT-214",0.867999776204427,29.579896197293,"3/12/2025",35,9.144,60,15,-14.28309,-170.607,2025,"QMED","esa","Post-Bleaching"
"54","TUT-214",0.867999776204427,29.579896197293,"3/12/2025",50,9.144,60,90,-14.28309,-170.607,2025,"Q80","esa","Post-Bleaching"
"55","TUT-214",0.867999776204427,29.579896197293,"3/12/2025",40,9.144,60,15,-14.28309,-170.607,2025,"QMED","esa","Post-Bleaching"
"56","TUT-214",0.867999776204427,29.579896197293,"3/12/2025",35,9.144,60,15,-14.28309,-170.607,2025,"QMED","esa","Post-Bleaching"
"57","TUT-214",0.867999776204427,29.579896197293,"3/12/2025",15,9.144,60,0,-14.28309,-170.607,2025,"QMED","esa","Post-Bleaching"
"58","TUT-214",0.867999776204427,29.579896197293,"3/12/2025",22,14.3256,60,2,-14.28309,-170.607,2025,"QMED","esa","Post-Bleaching"
"59","TUT-214",0.867999776204427,29.579896197293,"3/12/2025",31,14.3256,60,85,-14.28309,-170.607,2025,"QMED","esa","Post-Bleaching"
"60","TUT-214",0.867999776204427,29.579896197293,"3/12/2025",41,14.3256,60,45,-14.28309,-170.607,2025,"Q80","esa","Post-Bleaching"
"61","TUT-214",0.867999776204427,29.579896197293,"3/12/2025",62,14.3256,60,45,-14.28309,-170.607,2025,"Q80","esa","Post-Bleaching"
"62","TUT-214",0.867999776204427,29.579896197293,"3/12/2025",49,14.3256,60,55,-14.28309,-170.607,2025,"Q80","esa","Post-Bleaching"
"63","TUT-214",0.867999776204427,29.579896197293,"3/12/2025",18,14.3256,60,2,-14.28309,-170.607,2025,"QMED","esa","Post-Bleaching"
"64","TUT-214",0.867999776204427,29.579896197293,"3/12/2025",70,14.3256,60,60,-14.28309,-170.607,2025,"Q80","esa","Post-Bleaching"
"65","TUT-214",0.867999776204427,29.579896197293,"3/12/2025",17,14.3256,60,0,-14.28309,-170.607,2025,"QMED","esa","Post-Bleaching"
"66","TUT-214",0.867999776204427,29.579896197293,"3/12/2025",140,14.3256,60,70,-14.28309,-170.607,2025,"Q80","esa","Post-Bleaching"
"67","TUT-214",0.867999776204427,29.579896197293,"3/12/2025",27,14.3256,60,0,-14.28309,-170.607,2025,"QMED","esa","Post-Bleaching"
"68","TUT-214",0.867999776204427,29.579896197293,"3/12/2025",68,14.3256,60,95,-14.28309,-170.607,2025,"Q80","esa","Post-Bleaching"
"69","TUT-214",0.867999776204427,29.579896197293,"3/12/2025",6,14.3256,60,0,-14.28309,-170.607,2025,"Q20","esa","Post-Bleaching"
"70","TUT-214",0.867999776204427,29.579896197293,"3/12/2025",8,14.3256,60,0,-14.28309,-170.607,2025,"Q20","esa","Post-Bleaching"
"71","TUT-214",0.867999776204427,29.579896197293,"3/12/2025",5,14.3256,60,0,-14.28309,-170.607,2025,"Q20","esa","Post-Bleaching"
"72","TUT-214",0.867999776204427,29.579896197293,"3/12/2025",6,14.3256,60,0,-14.28309,-170.607,2025,"Q20","esa","Post-Bleaching"
"73","TUT-214",0.867999776204427,29.579896197293,"3/12/2025",7,14.3256,60,0,-14.28309,-170.607,2025,"Q20","esa","Post-Bleaching"
"74","TUT-214",0.867999776204427,29.579896197293,"3/12/2025",6,14.3256,60,0,-14.28309,-170.607,2025,"Q20","esa","Post-Bleaching"
"75","TUT-214",0.867999776204427,29.579896197293,"3/12/2025",10,14.3256,60,0,-14.28309,-170.607,2025,"Q20","esa","Post-Bleaching"
"76","TUT-214",0.867999776204427,29.579896197293,"3/12/2025",6,14.3256,60,0,-14.28309,-170.607,2025,"Q20","esa","Post-Bleaching"
"77","TUT-214",0.867999776204427,29.579896197293,"3/12/2025",65,14.3256,60,98,-14.28309,-170.607,2025,"Q80","esa","Post-Bleaching"
"78","TUT-214",0.867999776204427,29.579896197293,"3/12/2025",14,14.3256,60,0,-14.28309,-170.607,2025,"QMED","esa","Post-Bleaching"
"79","TUT-214",0.867999776204427,29.579896197293,"3/12/2025",11,14.3256,60,0,-14.28309,-170.607,2025,"Q20","esa","Post-Bleaching"
"80","TUT-214",0.867999776204427,29.579896197293,"3/12/2025",97,14.3256,60,90,-14.28309,-170.607,2025,"Q80","esa","Post-Bleaching"
"81","TUT-214",0.867999776204427,29.579896197293,"3/12/2025",35,14.3256,60,65,-14.28309,-170.607,2025,"QMED","esa","Post-Bleaching"
"82","TUT-214",0.867999776204427,29.579896197293,"3/12/2025",105,14.3256,60,85,-14.28309,-170.607,2025,"Q80","esa","Post-Bleaching"
"83","TUT-214",0.867999776204427,29.579896197293,"3/12/2025",47,14.3256,60,95,-14.28309,-170.607,2025,"Q80","esa","Post-Bleaching"
"84","TUT-171",0.899066797892253,29.656781472795,"3/13/2025",120,13.1064,60,95,-14.332425,-170.824373,2025,"Q80","esa","Post-Bleaching"
"85","TUT-171",0.899066797892253,29.656781472795,"3/13/2025",126,13.1064,60,60,-14.332425,-170.824373,2025,"Q80","esa","Post-Bleaching"
"86","TUT-171",0.899066797892253,29.656781472795,"3/13/2025",50,13.1064,60,80,-14.332425,-170.824373,2025,"Q80","esa","Post-Bleaching"
"87","TUT-171",0.899066797892253,29.656781472795,"3/13/2025",100,13.1064,60,80,-14.332425,-170.824373,2025,"Q80","esa","Post-Bleaching"
"88","TUT-171",0.899066797892253,29.656781472795,"3/13/2025",70,13.1064,60,50,-14.332425,-170.824373,2025,"Q80","esa","Post-Bleaching"
"89","TUT-171",0.899066797892253,29.656781472795,"3/13/2025",35,13.1064,60,95,-14.332425,-170.824373,2025,"QMED","esa","Post-Bleaching"
"90","TUT-171",0.899066797892253,29.656781472795,"3/13/2025",75,13.1064,60,90,-14.332425,-170.824373,2025,"Q80","esa","Post-Bleaching"
"91","TUT-171",0.899066797892253,29.656781472795,"3/13/2025",112.5,13.1064,60,90,-14.332425,-170.824373,2025,"Q80","esa","Post-Bleaching"
"92","TUT-171",0.899066797892253,29.656781472795,"3/13/2025",30,13.1064,60,80,-14.332425,-170.824373,2025,"QMED","esa","Post-Bleaching"
"93","TUT-171",0.899066797892253,29.656781472795,"3/13/2025",47.5,13.1064,60,95,-14.332425,-170.824373,2025,"Q80","esa","Post-Bleaching"
"94","TUT-171",0.899066797892253,29.656781472795,"3/13/2025",117.5,13.1064,60,95,-14.332425,-170.824373,2025,"Q80","esa","Post-Bleaching"
"95","TUT-171",0.899066797892253,29.656781472795,"3/13/2025",35,13.1064,60,40,-14.332425,-170.824373,2025,"QMED","esa","Post-Bleaching"
"96","TUT-171",0.899066797892253,29.656781472795,"3/13/2025",52.5,13.1064,60,65,-14.332425,-170.824373,2025,"Q80","esa","Post-Bleaching"
"97","TUT-171",0.899066797892253,29.656781472795,"3/13/2025",75,13.1064,60,80,-14.332425,-170.824373,2025,"Q80","esa","Post-Bleaching"
"98","TUT-171",0.899066797892253,29.656781472795,"3/13/2025",45,13.1064,60,95,-14.332425,-170.824373,2025,"Q80","esa","Post-Bleaching"
"99","TUT-171",0.899066797892253,29.656781472795,"3/13/2025",80,13.1064,60,40,-14.332425,-170.824373,2025,"Q80","esa","Post-Bleaching"
"100","TUT-171",0.899066797892253,29.656781472795,"3/13/2025",50,13.1064,60,90,-14.332425,-170.824373,2025,"Q80","esa","Post-Bleaching"
"101","TUT-171",0.899066797892253,29.656781472795,"3/13/2025",60,13.1064,60,96,-14.332425,-170.824373,2025,"Q80","esa","Post-Bleaching"
"102","TUT-171",0.899066797892253,29.656781472795,"3/13/2025",65,13.1064,60,90,-14.332425,-170.824373,2025,"Q80","esa","Post-Bleaching"
"103","TUT-171",0.899066797892253,29.656781472795,"3/13/2025",45,13.1064,60,98,-14.332425,-170.824373,2025,"Q80","esa","Post-Bleaching"
"104","TUT-171",0.899066797892253,29.656781472795,"3/13/2025",22.5,13.1064,60,35,-14.332425,-170.824373,2025,"QMED","esa","Post-Bleaching"
"105","TUT-171",0.899066797892253,29.656781472795,"3/13/2025",30,13.1064,60,10,-14.332425,-170.824373,2025,"QMED","esa","Post-Bleaching"
"106","TUT-171",0.899066797892253,29.656781472795,"3/13/2025",30,13.1064,60,80,-14.332425,-170.824373,2025,"QMED","esa","Post-Bleaching"
"107","TUT-171",0.899066797892253,29.656781472795,"3/13/2025",45,13.1064,60,70,-14.332425,-170.824373,2025,"Q80","esa","Post-Bleaching"
"108","TUT-171",0.899066797892253,29.656781472795,"3/13/2025",75,13.1064,60,15,-14.332425,-170.824373,2025,"Q80","esa","Post-Bleaching"
"109","TUT-171",0.899066797892253,29.656781472795,"3/13/2025",25,13.1064,60,85,-14.332425,-170.824373,2025,"QMED","esa","Post-Bleaching"
"110","TUT-171",0.899066797892253,29.656781472795,"3/13/2025",75,13.1064,60,98,-14.332425,-170.824373,2025,"Q80","esa","Post-Bleaching"
"111","TUT-171",0.899066797892253,29.656781472795,"3/13/2025",125,13.1064,60,85,-14.332425,-170.824373,2025,"Q80","esa","Post-Bleaching"
"112","TUT-171",0.899066797892253,29.656781472795,"3/13/2025",105,13.1064,60,90,-14.332425,-170.824373,2025,"Q80","esa","Post-Bleaching"
"113","TUT-171",0.899066797892253,29.656781472795,"3/13/2025",105,13.1064,60,95,-14.332425,-170.824373,2025,"Q80","esa","Post-Bleaching"
"114","TUT-171",0.899066797892253,29.656781472795,"3/13/2025",22,10.9728,60,10,-14.332425,-170.824373,2025,"QMED","esa","Post-Bleaching"
"115","TUT-171",0.899066797892253,29.656781472795,"3/13/2025",55,10.9728,60,66,-14.332425,-170.824373,2025,"Q80","esa","Post-Bleaching"
"116","TUT-171",0.899066797892253,29.656781472795,"3/13/2025",40,10.9728,60,80,-14.332425,-170.824373,2025,"QMED","esa","Post-Bleaching"
"117","TUT-171",0.899066797892253,29.656781472795,"3/13/2025",17,10.9728,60,0,-14.332425,-170.824373,2025,"QMED","esa","Post-Bleaching"
"118","TUT-171",0.899066797892253,29.656781472795,"3/13/2025",45,10.9728,60,75,-14.332425,-170.824373,2025,"Q80","esa","Post-Bleaching"
"119","TUT-171",0.899066797892253,29.656781472795,"3/13/2025",19,10.9728,60,10,-14.332425,-170.824373,2025,"QMED","esa","Post-Bleaching"
"120","TUT-171",0.899066797892253,29.656781472795,"3/13/2025",65,10.9728,60,90,-14.332425,-170.824373,2025,"Q80","esa","Post-Bleaching"
"121","TUT-171",0.899066797892253,29.656781472795,"3/13/2025",17,10.9728,60,75,-14.332425,-170.824373,2025,"QMED","esa","Post-Bleaching"
"122","TUT-171",0.899066797892253,29.656781472795,"3/13/2025",35,10.9728,60,80,-14.332425,-170.824373,2025,"QMED","esa","Post-Bleaching"
"123","TUT-171",0.899066797892253,29.656781472795,"3/13/2025",65,10.9728,60,95,-14.332425,-170.824373,2025,"Q80","esa","Post-Bleaching"
"124","TUT-171",0.899066797892253,29.656781472795,"3/13/2025",50,10.9728,60,85,-14.332425,-170.824373,2025,"Q80","esa","Post-Bleaching"
"125","TUT-171",0.899066797892253,29.656781472795,"3/13/2025",30,10.9728,60,60,-14.332425,-170.824373,2025,"QMED","esa","Post-Bleaching"
"126","TUT-171",0.899066797892253,29.656781472795,"3/13/2025",47,10.9728,60,50,-14.332425,-170.824373,2025,"Q80","esa","Post-Bleaching"
"127","TUT-171",0.899066797892253,29.656781472795,"3/13/2025",9,10.9728,60,0,-14.332425,-170.824373,2025,"Q20","esa","Post-Bleaching"
"128","TUT-171",0.899066797892253,29.656781472795,"3/13/2025",63,10.9728,60,90,-14.332425,-170.824373,2025,"Q80","esa","Post-Bleaching"
"129","TUT-171",0.899066797892253,29.656781472795,"3/13/2025",55,10.9728,60,55,-14.332425,-170.824373,2025,"Q80","esa","Post-Bleaching"
"130","TUT-171",0.899066797892253,29.656781472795,"3/13/2025",10,10.9728,60,5,-14.332425,-170.824373,2025,"Q20","esa","Post-Bleaching"
"131","TUT-171",0.899066797892253,29.656781472795,"3/13/2025",5,10.9728,60,0,-14.332425,-170.824373,2025,"Q20","esa","Post-Bleaching"
"132","TUT-171",0.899066797892253,29.656781472795,"3/13/2025",41,10.9728,60,65,-14.332425,-170.824373,2025,"Q80","esa","Post-Bleaching"
"133","TUT-171",0.899066797892253,29.656781472795,"3/13/2025",75,10.9728,60,65,-14.332425,-170.824373,2025,"Q80","esa","Post-Bleaching"
"134","TUT-171",0.899066797892253,29.656781472795,"3/13/2025",9,10.9728,60,0,-14.332425,-170.824373,2025,"Q20","esa","Post-Bleaching"
"135","TUT-171",0.899066797892253,29.656781472795,"3/13/2025",12,10.9728,60,10,-14.332425,-170.824373,2025,"Q20","esa","Post-Bleaching"
"136","TUT-171",0.899066797892253,29.656781472795,"3/13/2025",6,10.9728,60,0,-14.332425,-170.824373,2025,"Q20","esa","Post-Bleaching"
"137","TUT-171",0.899066797892253,29.656781472795,"3/13/2025",15,10.9728,60,40,-14.332425,-170.824373,2025,"QMED","esa","Post-Bleaching"
"138","TUT-171",0.899066797892253,29.656781472795,"3/13/2025",66,10.9728,60,60,-14.332425,-170.824373,2025,"Q80","esa","Post-Bleaching"
"139","TUT-171",0.899066797892253,29.656781472795,"3/13/2025",27,10.9728,60,50,-14.332425,-170.824373,2025,"QMED","esa","Post-Bleaching"
"140","TUT-171",0.899066797892253,29.656781472795,"3/13/2025",70,10.9728,60,60,-14.332425,-170.824373,2025,"Q80","esa","Post-Bleaching"
"141","TUT-171",0.899066797892253,29.656781472795,"3/13/2025",37,10.9728,60,10,-14.332425,-170.824373,2025,"QMED","esa","Post-Bleaching"
"142","TUT-171",0.899066797892253,29.656781472795,"3/13/2025",25,10.9728,60,5,-14.332425,-170.824373,2025,"QMED","esa","Post-Bleaching"
"143","TUT-171",0.899066797892253,29.656781472795,"3/13/2025",37,10.9728,60,25,-14.332425,-170.824373,2025,"QMED","esa","Post-Bleaching"
"144","TUT-171",0.899066797892253,29.656781472795,"3/13/2025",115,11.5824,60,90,-14.332425,-170.824373,2025,"Q80","esa","Post-Bleaching"
"145","TUT-171",0.899066797892253,29.656781472795,"3/13/2025",20,11.5824,60,25,-14.332425,-170.824373,2025,"QMED","esa","Post-Bleaching"
"146","TUT-171",0.899066797892253,29.656781472795,"3/13/2025",160,11.5824,60,98,-14.332425,-170.824373,2025,"Q80","esa","Post-Bleaching"
"147","TUT-171",0.899066797892253,29.656781472795,"3/13/2025",75,11.5824,60,70,-14.332425,-170.824373,2025,"Q80","esa","Post-Bleaching"
"148","TUT-171",0.899066797892253,29.656781472795,"3/13/2025",110,11.5824,60,90,-14.332425,-170.824373,2025,"Q80","esa","Post-Bleaching"
"149","TUT-171",0.899066797892253,29.656781472795,"3/13/2025",65,11.5824,60,97,-14.332425,-170.824373,2025,"Q80","esa","Post-Bleaching"
"150","TUT-171",0.899066797892253,29.656781472795,"3/13/2025",115,11.5824,60,98,-14.332425,-170.824373,2025,"Q80","esa","Post-Bleaching"
"151","TUT-171",0.899066797892253,29.656781472795,"3/13/2025",58,11.5824,60,98,-14.332425,-170.824373,2025,"Q80","esa","Post-Bleaching"
"152","TUT-171",0.899066797892253,29.656781472795,"3/13/2025",133,11.5824,60,90,-14.332425,-170.824373,2025,"Q80","esa","Post-Bleaching"
"153","TUT-171",0.899066797892253,29.656781472795,"3/13/2025",131,11.5824,60,98,-14.332425,-170.824373,2025,"Q80","esa","Post-Bleaching"
"154","TUT-171",0.899066797892253,29.656781472795,"3/13/2025",110,11.5824,60,90,-14.332425,-170.824373,2025,"Q80","esa","Post-Bleaching"
"155","TUT-171",0.899066797892253,29.656781472795,"3/13/2025",6,11.5824,60,0,-14.332425,-170.824373,2025,"Q20","esa","Post-Bleaching"
"156","TUT-171",0.899066797892253,29.656781472795,"3/13/2025",60,11.5824,60,85,-14.332425,-170.824373,2025,"Q80","esa","Post-Bleaching"
"157","TUT-171",0.899066797892253,29.656781472795,"3/13/2025",72,11.5824,60,97,-14.332425,-170.824373,2025,"Q80","esa","Post-Bleaching"
"158","TUT-171",0.899066797892253,29.656781472795,"3/13/2025",11,11.5824,60,10,-14.332425,-170.824373,2025,"Q20","esa","Post-Bleaching"
"159","TUT-171",0.899066797892253,29.656781472795,"3/13/2025",13,11.5824,60,10,-14.332425,-170.824373,2025,"QMED","esa","Post-Bleaching"
"160","TUT-171",0.899066797892253,29.656781472795,"3/13/2025",7,11.5824,60,0,-14.332425,-170.824373,2025,"Q20","esa","Post-Bleaching"
"161","TUT-171",0.899066797892253,29.656781472795,"3/13/2025",170,11.5824,60,99,-14.332425,-170.824373,2025,"Q80","esa","Post-Bleaching"
"162","TUT-171",0.899066797892253,29.656781472795,"3/13/2025",36,11.5824,60,70,-14.332425,-170.824373,2025,"QMED","esa","Post-Bleaching"
"163","TUT-171",0.899066797892253,29.656781472795,"3/13/2025",95,11.5824,60,98,-14.332425,-170.824373,2025,"Q80","esa","Post-Bleaching"
"164","TUT-171",0.899066797892253,29.656781472795,"3/13/2025",81,11.5824,60,95,-14.332425,-170.824373,2025,"Q80","esa","Post-Bleaching"
"165","TUT-171",0.899066797892253,29.656781472795,"3/13/2025",18,11.5824,60,20,-14.332425,-170.824373,2025,"QMED","esa","Post-Bleaching"
"166","TUT-171",0.899066797892253,29.656781472795,"3/13/2025",90,11.5824,60,90,-14.332425,-170.824373,2025,"Q80","esa","Post-Bleaching"
"167","TUT-171",0.899066797892253,29.656781472795,"3/13/2025",120,11.5824,60,99,-14.332425,-170.824373,2025,"Q80","esa","Post-Bleaching"
"168","TUT-171",0.899066797892253,29.656781472795,"3/13/2025",75,11.5824,60,95,-14.332425,-170.824373,2025,"Q80","esa","Post-Bleaching"
"169","TUT-171",0.899066797892253,29.656781472795,"3/13/2025",105,11.5824,60,95,-14.332425,-170.824373,2025,"Q80","esa","Post-Bleaching"
"170","TUT-171",0.899066797892253,29.656781472795,"3/13/2025",43,11.5824,60,70,-14.332425,-170.824373,2025,"Q80","esa","Post-Bleaching"
"171","TUT-171",0.899066797892253,29.656781472795,"3/13/2025",90,11.5824,60,85,-14.332425,-170.824373,2025,"Q80","esa","Post-Bleaching"
"172","TUT-171",0.899066797892253,29.656781472795,"3/13/2025",88,11.5824,60,80,-14.332425,-170.824373,2025,"Q80","esa","Post-Bleaching"
"173","TUT-171",0.899066797892253,29.656781472795,"3/13/2025",150,11.5824,60,85,-14.332425,-170.824373,2025,"Q80","esa","Post-Bleaching"
"174","TUT-216",0.918400319417318,29.6661147550156,"3/14/2025",43,12.4968,60,5,-14.329052,-170.831801,2025,"Q80","esa","Post-Bleaching"
"175","TUT-216",0.918400319417318,29.6661147550156,"3/14/2025",17,12.4968,60,0,-14.329052,-170.831801,2025,"QMED","esa","Post-Bleaching"
"176","TUT-216",0.918400319417318,29.6661147550156,"3/14/2025",35,12.4968,60,20,-14.329052,-170.831801,2025,"QMED","esa","Post-Bleaching"
"177","TUT-216",0.918400319417318,29.6661147550156,"3/14/2025",49,12.4968,60,65,-14.329052,-170.831801,2025,"Q80","esa","Post-Bleaching"
"178","TUT-216",0.918400319417318,29.6661147550156,"3/14/2025",48,12.4968,60,80,-14.329052,-170.831801,2025,"Q80","esa","Post-Bleaching"
"179","TUT-216",0.918400319417318,29.6661147550156,"3/14/2025",15,12.4968,60,0,-14.329052,-170.831801,2025,"QMED","esa","Post-Bleaching"
"180","TUT-216",0.918400319417318,29.6661147550156,"3/14/2025",11,12.4968,60,0,-14.329052,-170.831801,2025,"Q20","esa","Post-Bleaching"
"181","TUT-216",0.918400319417318,29.6661147550156,"3/14/2025",27,12.4968,60,10,-14.329052,-170.831801,2025,"QMED","esa","Post-Bleaching"
"182","TUT-216",0.918400319417318,29.6661147550156,"3/14/2025",7,12.4968,60,0,-14.329052,-170.831801,2025,"Q20","esa","Post-Bleaching"
"183","TUT-216",0.918400319417318,29.6661147550156,"3/14/2025",36,12.4968,60,0,-14.329052,-170.831801,2025,"QMED","esa","Post-Bleaching"
"184","TUT-216",0.918400319417318,29.6661147550156,"3/14/2025",31,12.4968,60,0,-14.329052,-170.831801,2025,"QMED","esa","Post-Bleaching"
"185","TUT-216",0.918400319417318,29.6661147550156,"3/14/2025",44,12.4968,60,85,-14.329052,-170.831801,2025,"Q80","esa","Post-Bleaching"
"186","TUT-216",0.918400319417318,29.6661147550156,"3/14/2025",77,12.4968,60,25,-14.329052,-170.831801,2025,"Q80","esa","Post-Bleaching"
"187","TUT-216",0.918400319417318,29.6661147550156,"3/14/2025",30,12.4968,60,65,-14.329052,-170.831801,2025,"QMED","esa","Post-Bleaching"
"188","TUT-216",0.918400319417318,29.6661147550156,"3/14/2025",50,12.4968,60,98,-14.329052,-170.831801,2025,"Q80","esa","Post-Bleaching"
"189","TUT-216",0.918400319417318,29.6661147550156,"3/14/2025",34,12.4968,60,60,-14.329052,-170.831801,2025,"QMED","esa","Post-Bleaching"
"190","TUT-216",0.918400319417318,29.6661147550156,"3/14/2025",38,12.4968,60,90,-14.329052,-170.831801,2025,"QMED","esa","Post-Bleaching"
"191","TUT-216",0.918400319417318,29.6661147550156,"3/14/2025",80,12.4968,60,40,-14.329052,-170.831801,2025,"Q80","esa","Post-Bleaching"
"192","TUT-216",0.918400319417318,29.6661147550156,"3/14/2025",47,12.4968,60,25,-14.329052,-170.831801,2025,"Q80","esa","Post-Bleaching"
"193","TUT-216",0.918400319417318,29.6661147550156,"3/14/2025",48,12.4968,60,70,-14.329052,-170.831801,2025,"Q80","esa","Post-Bleaching"
"194","TUT-216",0.918400319417318,29.6661147550156,"3/14/2025",70,12.4968,60,95,-14.329052,-170.831801,2025,"Q80","esa","Post-Bleaching"
"195","TUT-216",0.918400319417318,29.6661147550156,"3/14/2025",30,12.4968,60,90,-14.329052,-170.831801,2025,"QMED","esa","Post-Bleaching"
"196","TUT-216",0.918400319417318,29.6661147550156,"3/14/2025",10,9.144,60,0,-14.329052,-170.831801,2025,"Q20","esa","Post-Bleaching"
"197","TUT-216",0.918400319417318,29.6661147550156,"3/14/2025",25,9.144,60,5,-14.329052,-170.831801,2025,"QMED","esa","Post-Bleaching"
"198","TUT-216",0.918400319417318,29.6661147550156,"3/14/2025",25,9.144,60,70,-14.329052,-170.831801,2025,"QMED","esa","Post-Bleaching"
"199","TUT-216",0.918400319417318,29.6661147550156,"3/14/2025",10,9.144,60,0,-14.329052,-170.831801,2025,"Q20","esa","Post-Bleaching"
"200","TUT-216",0.918400319417318,29.6661147550156,"3/14/2025",35,9.144,60,0,-14.329052,-170.831801,2025,"QMED","esa","Post-Bleaching"
"201","TUT-216",0.918400319417318,29.6661147550156,"3/14/2025",50,9.144,60,95,-14.329052,-170.831801,2025,"Q80","esa","Post-Bleaching"
"202","TUT-216",0.918400319417318,29.6661147550156,"3/14/2025",35,9.144,60,50,-14.329052,-170.831801,2025,"QMED","esa","Post-Bleaching"
"203","TUT-216",0.918400319417318,29.6661147550156,"3/14/2025",12,9.144,60,0,-14.329052,-170.831801,2025,"Q20","esa","Post-Bleaching"
"204","TUT-216",0.918400319417318,29.6661147550156,"3/14/2025",53,9.144,60,30,-14.329052,-170.831801,2025,"Q80","esa","Post-Bleaching"
"205","TUT-216",0.918400319417318,29.6661147550156,"3/14/2025",15,9.144,60,50,-14.329052,-170.831801,2025,"QMED","esa","Post-Bleaching"
"206","TUT-216",0.918400319417318,29.6661147550156,"3/14/2025",35,9.144,60,20,-14.329052,-170.831801,2025,"QMED","esa","Post-Bleaching"
"207","TUT-216",0.918400319417318,29.6661147550156,"3/14/2025",13,9.144,60,0,-14.329052,-170.831801,2025,"QMED","esa","Post-Bleaching"
"208","TUT-216",0.918400319417318,29.6661147550156,"3/14/2025",10,9.144,60,0,-14.329052,-170.831801,2025,"Q20","esa","Post-Bleaching"
"209","TUT-216",0.918400319417318,29.6661147550156,"3/14/2025",80,9.144,60,97,-14.329052,-170.831801,2025,"Q80","esa","Post-Bleaching"
"210","TUT-216",0.918400319417318,29.6661147550156,"3/14/2025",5,9.144,60,0,-14.329052,-170.831801,2025,"Q20","esa","Post-Bleaching"
"211","TUT-216",0.918400319417318,29.6661147550156,"3/14/2025",18,9.144,60,0,-14.329052,-170.831801,2025,"QMED","esa","Post-Bleaching"
"212","TUT-216",0.918400319417318,29.6661147550156,"3/14/2025",48,9.144,60,80,-14.329052,-170.831801,2025,"Q80","esa","Post-Bleaching"
"213","TUT-216",0.918400319417318,29.6661147550156,"3/14/2025",25,9.144,60,0,-14.329052,-170.831801,2025,"QMED","esa","Post-Bleaching"
"214","TUT-216",0.918400319417318,29.6661147550156,"3/14/2025",45,9.144,60,50,-14.329052,-170.831801,2025,"Q80","esa","Post-Bleaching"
"215","TUT-216",0.918400319417318,29.6661147550156,"3/14/2025",30,9.144,60,50,-14.329052,-170.831801,2025,"QMED","esa","Post-Bleaching"
"216","TUT-216",0.918400319417318,29.6661147550156,"3/14/2025",12,9.144,60,0,-14.329052,-170.831801,2025,"Q20","esa","Post-Bleaching"
"217","TUT-216",0.918400319417318,29.6661147550156,"3/14/2025",70,9.144,60,29,-14.329052,-170.831801,2025,"Q80","esa","Post-Bleaching"
"218","TUT-216",0.918400319417318,29.6661147550156,"3/14/2025",20,9.144,60,0,-14.329052,-170.831801,2025,"QMED","esa","Post-Bleaching"
"219","TUT-216",0.918400319417318,29.6661147550156,"3/14/2025",30,9.144,60,5,-14.329052,-170.831801,2025,"QMED","esa","Post-Bleaching"
"220","TUT-216",0.918400319417318,29.6661147550156,"3/14/2025",50,9.144,60,50,-14.329052,-170.831801,2025,"Q80","esa","Post-Bleaching"
"221","TUT-216",0.918400319417318,29.6661147550156,"3/14/2025",30,9.144,60,90,-14.329052,-170.831801,2025,"QMED","esa","Post-Bleaching"
"222","TUT-216",0.918400319417318,29.6661147550156,"3/14/2025",30,9.144,60,5,-14.329052,-170.831801,2025,"QMED","esa","Post-Bleaching"
"223","TUT-216",0.918400319417318,29.6661147550156,"3/14/2025",40,9.144,60,95,-14.329052,-170.831801,2025,"QMED","esa","Post-Bleaching"
"224","TUT-216",0.918400319417318,29.6661147550156,"3/14/2025",30,9.144,60,50,-14.329052,-170.831801,2025,"QMED","esa","Post-Bleaching"
"225","TUT-216",0.918400319417318,29.6661147550156,"3/14/2025",10,9.144,60,0,-14.329052,-170.831801,2025,"Q20","esa","Post-Bleaching"
"226","TUT-216",0.918400319417318,29.6661147550156,"3/14/2025",11,12.4968,60,0,-14.329052,-170.831801,2025,"Q20","esa","Post-Bleaching"
"227","TUT-216",0.918400319417318,29.6661147550156,"3/14/2025",26,12.4968,60,0,-14.329052,-170.831801,2025,"QMED","esa","Post-Bleaching"
"228","TUT-216",0.918400319417318,29.6661147550156,"3/14/2025",88,12.4968,60,85,-14.329052,-170.831801,2025,"Q80","esa","Post-Bleaching"
"229","TUT-216",0.918400319417318,29.6661147550156,"3/14/2025",48,12.4968,60,80,-14.329052,-170.831801,2025,"Q80","esa","Post-Bleaching"
"230","TUT-216",0.918400319417318,29.6661147550156,"3/14/2025",51,12.4968,60,75,-14.329052,-170.831801,2025,"Q80","esa","Post-Bleaching"
"231","TUT-216",0.918400319417318,29.6661147550156,"3/14/2025",13,12.4968,60,0,-14.329052,-170.831801,2025,"QMED","esa","Post-Bleaching"
"232","TUT-216",0.918400319417318,29.6661147550156,"3/14/2025",10,12.4968,60,0,-14.329052,-170.831801,2025,"Q20","esa","Post-Bleaching"
"233","TUT-216",0.918400319417318,29.6661147550156,"3/14/2025",28,12.4968,60,0,-14.329052,-170.831801,2025,"QMED","esa","Post-Bleaching"
"234","TUT-216",0.918400319417318,29.6661147550156,"3/14/2025",21,12.4968,60,2,-14.329052,-170.831801,2025,"QMED","esa","Post-Bleaching"
"235","TUT-216",0.918400319417318,29.6661147550156,"3/14/2025",23,12.4968,60,1,-14.329052,-170.831801,2025,"QMED","esa","Post-Bleaching"
"236","TUT-216",0.918400319417318,29.6661147550156,"3/14/2025",21,12.4968,60,0,-14.329052,-170.831801,2025,"QMED","esa","Post-Bleaching"
"237","TUT-216",0.918400319417318,29.6661147550156,"3/14/2025",48,12.4968,60,90,-14.329052,-170.831801,2025,"Q80","esa","Post-Bleaching"
"238","TUT-216",0.918400319417318,29.6661147550156,"3/14/2025",18,12.4968,60,5,-14.329052,-170.831801,2025,"QMED","esa","Post-Bleaching"
"239","TUT-216",0.918400319417318,29.6661147550156,"3/14/2025",20,12.4968,60,0,-14.329052,-170.831801,2025,"QMED","esa","Post-Bleaching"
"240","TUT-216",0.918400319417318,29.6661147550156,"3/14/2025",55,12.4968,60,75,-14.329052,-170.831801,2025,"Q80","esa","Post-Bleaching"
"241","TUT-216",0.918400319417318,29.6661147550156,"3/14/2025",31,12.4968,60,40,-14.329052,-170.831801,2025,"QMED","esa","Post-Bleaching"
"242","TUT-216",0.918400319417318,29.6661147550156,"3/14/2025",49,12.4968,60,45,-14.329052,-170.831801,2025,"Q80","esa","Post-Bleaching"
"243","TUT-216",0.918400319417318,29.6661147550156,"3/14/2025",6,12.4968,60,0,-14.329052,-170.831801,2025,"Q20","esa","Post-Bleaching"
"244","TUT-216",0.918400319417318,29.6661147550156,"3/14/2025",31,12.4968,60,90,-14.329052,-170.831801,2025,"QMED","esa","Post-Bleaching"
"245","TUT-216",0.918400319417318,29.6661147550156,"3/14/2025",24,12.4968,60,70,-14.329052,-170.831801,2025,"QMED","esa","Post-Bleaching"
"246","TUT-216",0.918400319417318,29.6661147550156,"3/14/2025",45,12.4968,60,40,-14.329052,-170.831801,2025,"Q80","esa","Post-Bleaching"
"247","TUT-216",0.918400319417318,29.6661147550156,"3/14/2025",25,12.4968,60,50,-14.329052,-170.831801,2025,"QMED","esa","Post-Bleaching"
"248","TUT-216",0.918400319417318,29.6661147550156,"3/14/2025",23,12.4968,60,5,-14.329052,-170.831801,2025,"QMED","esa","Post-Bleaching"
"249","TUT-216",0.918400319417318,29.6661147550156,"3/14/2025",52,12.4968,60,80,-14.329052,-170.831801,2025,"Q80","esa","Post-Bleaching"
"250","TUT-126",0.864666748046875,29.6347432058366,"3/15/2025",36,13.716,60,0,-14.336157,-170.796416,2025,"QMED","esa","Post-Bleaching"
"251","TUT-126",0.864666748046875,29.6347432058366,"3/15/2025",28,13.716,60,0,-14.336157,-170.796416,2025,"QMED","esa","Post-Bleaching"
"252","TUT-126",0.864666748046875,29.6347432058366,"3/15/2025",24,13.716,60,5,-14.336157,-170.796416,2025,"QMED","esa","Post-Bleaching"
"253","TUT-126",0.864666748046875,29.6347432058366,"3/15/2025",20,13.716,60,0,-14.336157,-170.796416,2025,"QMED","esa","Post-Bleaching"
"254","TUT-126",0.864666748046875,29.6347432058366,"3/15/2025",55,13.716,60,80,-14.336157,-170.796416,2025,"Q80","esa","Post-Bleaching"
"255","TUT-126",0.864666748046875,29.6347432058366,"3/15/2025",37,13.716,60,50,-14.336157,-170.796416,2025,"QMED","esa","Post-Bleaching"
"256","TUT-126",0.864666748046875,29.6347432058366,"3/15/2025",67,13.716,60,90,-14.336157,-170.796416,2025,"Q80","esa","Post-Bleaching"
"257","TUT-126",0.864666748046875,29.6347432058366,"3/15/2025",40,13.716,60,70,-14.336157,-170.796416,2025,"QMED","esa","Post-Bleaching"
"258","TUT-126",0.864666748046875,29.6347432058366,"3/15/2025",40,13.716,60,80,-14.336157,-170.796416,2025,"QMED","esa","Post-Bleaching"
"259","TUT-126",0.864666748046875,29.6347432058366,"3/15/2025",21,13.716,60,0,-14.336157,-170.796416,2025,"QMED","esa","Post-Bleaching"
"260","TUT-126",0.864666748046875,29.6347432058366,"3/15/2025",50,13.716,60,75,-14.336157,-170.796416,2025,"Q80","esa","Post-Bleaching"
"261","TUT-126",0.864666748046875,29.6347432058366,"3/15/2025",50,13.716,60,25,-14.336157,-170.796416,2025,"Q80","esa","Post-Bleaching"
"262","TUT-126",0.864666748046875,29.6347432058366,"3/15/2025",26,13.716,60,10,-14.336157,-170.796416,2025,"QMED","esa","Post-Bleaching"
"263","TUT-126",0.864666748046875,29.6347432058366,"3/15/2025",28,13.716,60,40,-14.336157,-170.796416,2025,"QMED","esa","Post-Bleaching"
"264","TUT-126",0.864666748046875,29.6347432058366,"3/15/2025",46,13.716,60,20,-14.336157,-170.796416,2025,"Q80","esa","Post-Bleaching"
"265","TUT-126",0.864666748046875,29.6347432058366,"3/15/2025",31,13.716,60,30,-14.336157,-170.796416,2025,"QMED","esa","Post-Bleaching"
"266","TUT-126",0.864666748046875,29.6347432058366,"3/15/2025",20,13.716,60,5,-14.336157,-170.796416,2025,"QMED","esa","Post-Bleaching"
"267","TUT-126",0.864666748046875,29.6347432058366,"3/15/2025",27,13.716,60,15,-14.336157,-170.796416,2025,"QMED","esa","Post-Bleaching"
"268","TUT-126",0.864666748046875,29.6347432058366,"3/15/2025",52,13.716,60,95,-14.336157,-170.796416,2025,"Q80","esa","Post-Bleaching"
"269","TUT-126",0.864666748046875,29.6347432058366,"3/15/2025",92,13.716,60,40,-14.336157,-170.796416,2025,"Q80","esa","Post-Bleaching"
"270","TUT-126",0.864666748046875,29.6347432058366,"3/15/2025",9,13.716,60,0,-14.336157,-170.796416,2025,"Q20","esa","Post-Bleaching"
"271","TUT-126",0.864666748046875,29.6347432058366,"3/15/2025",11,13.716,60,3,-14.336157,-170.796416,2025,"Q20","esa","Post-Bleaching"
"272","TUT-126",0.864666748046875,29.6347432058366,"3/15/2025",47,13.716,60,30,-14.336157,-170.796416,2025,"Q80","esa","Post-Bleaching"
"273","TUT-126",0.864666748046875,29.6347432058366,"3/15/2025",38,13.716,60,20,-14.336157,-170.796416,2025,"QMED","esa","Post-Bleaching"
"274","TUT-126",0.864666748046875,29.6347432058366,"3/15/2025",27,13.716,60,45,-14.336157,-170.796416,2025,"QMED","esa","Post-Bleaching"
"275","TUT-126",0.864666748046875,29.6347432058366,"3/15/2025",34,13.716,60,50,-14.336157,-170.796416,2025,"QMED","esa","Post-Bleaching"
"276","TUT-126",0.864666748046875,29.6347432058366,"3/15/2025",14,13.716,60,0,-14.336157,-170.796416,2025,"QMED","esa","Post-Bleaching"
"277","TUT-126",0.864666748046875,29.6347432058366,"3/15/2025",11,13.716,60,0,-14.336157,-170.796416,2025,"Q20","esa","Post-Bleaching"
"278","TUT-126",0.864666748046875,29.6347432058366,"3/15/2025",44,13.716,60,50,-14.336157,-170.796416,2025,"Q80","esa","Post-Bleaching"
"279","TUT-126",0.864666748046875,29.6347432058366,"3/15/2025",50,13.716,60,65,-14.336157,-170.796416,2025,"Q80","esa","Post-Bleaching"
"280","TUT-126",0.864666748046875,29.6347432058366,"3/15/2025",25,12.8016,60,25,-14.336157,-170.796416,2025,"QMED","esa","Post-Bleaching"
"281","TUT-126",0.864666748046875,29.6347432058366,"3/15/2025",45,12.8016,60,30,-14.336157,-170.796416,2025,"Q80","esa","Post-Bleaching"
"282","TUT-126",0.864666748046875,29.6347432058366,"3/15/2025",10,12.8016,60,0,-14.336157,-170.796416,2025,"Q20","esa","Post-Bleaching"
"283","TUT-126",0.864666748046875,29.6347432058366,"3/15/2025",35,12.8016,60,50,-14.336157,-170.796416,2025,"QMED","esa","Post-Bleaching"
"284","TUT-126",0.864666748046875,29.6347432058366,"3/15/2025",25,12.8016,60,5,-14.336157,-170.796416,2025,"QMED","esa","Post-Bleaching"
"285","TUT-126",0.864666748046875,29.6347432058366,"3/15/2025",10,12.8016,60,5,-14.336157,-170.796416,2025,"Q20","esa","Post-Bleaching"
"286","TUT-126",0.864666748046875,29.6347432058366,"3/15/2025",20,12.8016,60,0,-14.336157,-170.796416,2025,"QMED","esa","Post-Bleaching"
"287","TUT-126",0.864666748046875,29.6347432058366,"3/15/2025",15,12.8016,60,0,-14.336157,-170.796416,2025,"QMED","esa","Post-Bleaching"
"288","TUT-126",0.864666748046875,29.6347432058366,"3/15/2025",15,12.8016,60,0,-14.336157,-170.796416,2025,"QMED","esa","Post-Bleaching"
"289","TUT-126",0.864666748046875,29.6347432058366,"3/15/2025",30,12.8016,60,80,-14.336157,-170.796416,2025,"QMED","esa","Post-Bleaching"
"290","TUT-126",0.864666748046875,29.6347432058366,"3/15/2025",40,12.8016,60,95,-14.336157,-170.796416,2025,"QMED","esa","Post-Bleaching"
"291","TUT-126",0.864666748046875,29.6347432058366,"3/15/2025",50,12.8016,60,60,-14.336157,-170.796416,2025,"Q80","esa","Post-Bleaching"
"292","TUT-126",0.864666748046875,29.6347432058366,"3/15/2025",25,12.8016,60,60,-14.336157,-170.796416,2025,"QMED","esa","Post-Bleaching"
"293","TUT-126",0.864666748046875,29.6347432058366,"3/15/2025",25,12.8016,60,5,-14.336157,-170.796416,2025,"QMED","esa","Post-Bleaching"
"294","TUT-126",0.864666748046875,29.6347432058366,"3/15/2025",12,12.8016,60,0,-14.336157,-170.796416,2025,"Q20","esa","Post-Bleaching"
"295","TUT-126",0.864666748046875,29.6347432058366,"3/15/2025",15,12.8016,60,90,-14.336157,-170.796416,2025,"QMED","esa","Post-Bleaching"
"296","TUT-126",0.864666748046875,29.6347432058366,"3/15/2025",30,12.8016,60,50,-14.336157,-170.796416,2025,"QMED","esa","Post-Bleaching"
"297","TUT-126",0.864666748046875,29.6347432058366,"3/15/2025",6,12.8016,60,0,-14.336157,-170.796416,2025,"Q20","esa","Post-Bleaching"
"298","TUT-126",0.864666748046875,29.6347432058366,"3/15/2025",80,12.8016,60,5,-14.336157,-170.796416,2025,"Q80","esa","Post-Bleaching"
"299","TUT-126",0.864666748046875,29.6347432058366,"3/15/2025",10,12.8016,60,5,-14.336157,-170.796416,2025,"Q20","esa","Post-Bleaching"
"300","TUT-126",0.864666748046875,29.6347432058366,"3/15/2025",25,12.8016,60,0,-14.336157,-170.796416,2025,"QMED","esa","Post-Bleaching"
"301","TUT-126",0.864666748046875,29.6347432058366,"3/15/2025",25,12.8016,60,0,-14.336157,-170.796416,2025,"QMED","esa","Post-Bleaching"
"302","TUT-126",0.864666748046875,29.6347432058366,"3/15/2025",10,12.8016,60,0,-14.336157,-170.796416,2025,"Q20","esa","Post-Bleaching"
"303","TUT-126",0.864666748046875,29.6347432058366,"3/15/2025",50,12.8016,60,5,-14.336157,-170.796416,2025,"Q80","esa","Post-Bleaching"
"304","TUT-126",0.864666748046875,29.6347432058366,"3/15/2025",30,12.8016,60,0,-14.336157,-170.796416,2025,"QMED","esa","Post-Bleaching"
"305","TUT-126",0.864666748046875,29.6347432058366,"3/15/2025",10,12.192,60,0,-14.336157,-170.796416,2025,"Q20","esa","Post-Bleaching"
"306","TUT-126",0.864666748046875,29.6347432058366,"3/15/2025",11,12.192,60,0,-14.336157,-170.796416,2025,"Q20","esa","Post-Bleaching"
"307","TUT-126",0.864666748046875,29.6347432058366,"3/15/2025",45,12.192,60,60,-14.336157,-170.796416,2025,"Q80","esa","Post-Bleaching"
"308","TUT-126",0.864666748046875,29.6347432058366,"3/15/2025",39,12.192,60,65,-14.336157,-170.796416,2025,"QMED","esa","Post-Bleaching"
"309","TUT-126",0.864666748046875,29.6347432058366,"3/15/2025",6,12.192,60,0,-14.336157,-170.796416,2025,"Q20","esa","Post-Bleaching"
"310","TUT-126",0.864666748046875,29.6347432058366,"3/15/2025",38,12.192,60,50,-14.336157,-170.796416,2025,"QMED","esa","Post-Bleaching"
"311","TUT-126",0.864666748046875,29.6347432058366,"3/15/2025",8,12.192,60,0,-14.336157,-170.796416,2025,"Q20","esa","Post-Bleaching"
"312","TUT-126",0.864666748046875,29.6347432058366,"3/15/2025",9,12.192,60,0,-14.336157,-170.796416,2025,"Q20","esa","Post-Bleaching"
"313","TUT-126",0.864666748046875,29.6347432058366,"3/15/2025",11,12.192,60,0,-14.336157,-170.796416,2025,"Q20","esa","Post-Bleaching"
"314","TUT-126",0.864666748046875,29.6347432058366,"3/15/2025",43,12.192,60,50,-14.336157,-170.796416,2025,"Q80","esa","Post-Bleaching"
"315","TUT-126",0.864666748046875,29.6347432058366,"3/15/2025",43,12.192,60,70,-14.336157,-170.796416,2025,"Q80","esa","Post-Bleaching"
"316","TUT-126",0.864666748046875,29.6347432058366,"3/15/2025",17,12.192,60,10,-14.336157,-170.796416,2025,"QMED","esa","Post-Bleaching"
"317","TUT-126",0.864666748046875,29.6347432058366,"3/15/2025",18,12.192,60,30,-14.336157,-170.796416,2025,"QMED","esa","Post-Bleaching"
"318","TUT-126",0.864666748046875,29.6347432058366,"3/15/2025",41,12.192,60,85,-14.336157,-170.796416,2025,"Q80","esa","Post-Bleaching"
"319","TUT-126",0.864666748046875,29.6347432058366,"3/15/2025",16,12.192,60,0,-14.336157,-170.796416,2025,"QMED","esa","Post-Bleaching"
"320","TUT-126",0.864666748046875,29.6347432058366,"3/15/2025",47,12.192,60,2,-14.336157,-170.796416,2025,"Q80","esa","Post-Bleaching"
"321","TUT-126",0.864666748046875,29.6347432058366,"3/15/2025",66,12.192,60,5,-14.336157,-170.796416,2025,"Q80","esa","Post-Bleaching"
"322","TUT-126",0.864666748046875,29.6347432058366,"3/15/2025",23,12.192,60,2,-14.336157,-170.796416,2025,"QMED","esa","Post-Bleaching"
"323","TUT-126",0.864666748046875,29.6347432058366,"3/15/2025",33,12.192,60,80,-14.336157,-170.796416,2025,"QMED","esa","Post-Bleaching"
"324","TUT-126",0.864666748046875,29.6347432058366,"3/15/2025",30,12.192,60,45,-14.336157,-170.796416,2025,"QMED","esa","Post-Bleaching"
"325","TUT-139",0.852533467610677,29.6234589769541,"3/15/2025",20,11.5824,60,5,-14.352648,-170.787165,2025,"QMED","esa","Post-Bleaching"
"326","TUT-139",0.852533467610677,29.6234589769541,"3/15/2025",30,11.5824,60,20,-14.352648,-170.787165,2025,"QMED","esa","Post-Bleaching"
"327","TUT-139",0.852533467610677,29.6234589769541,"3/15/2025",50,11.5824,60,6,-14.352648,-170.787165,2025,"Q80","esa","Post-Bleaching"
"328","TUT-139",0.852533467610677,29.6234589769541,"3/15/2025",52.5,11.5824,60,25,-14.352648,-170.787165,2025,"Q80","esa","Post-Bleaching"
"329","TUT-139",0.852533467610677,29.6234589769541,"3/15/2025",25,11.5824,60,60,-14.352648,-170.787165,2025,"QMED","esa","Post-Bleaching"
"330","TUT-139",0.852533467610677,29.6234589769541,"3/15/2025",20,11.5824,60,5,-14.352648,-170.787165,2025,"QMED","esa","Post-Bleaching"
"331","TUT-139",0.852533467610677,29.6234589769541,"3/15/2025",22.5,11.5824,60,10,-14.352648,-170.787165,2025,"QMED","esa","Post-Bleaching"
"332","TUT-139",0.852533467610677,29.6234589769541,"3/15/2025",22,11.5824,60,0,-14.352648,-170.787165,2025,"QMED","esa","Post-Bleaching"
"333","TUT-139",0.852533467610677,29.6234589769541,"3/15/2025",25,11.5824,60,98,-14.352648,-170.787165,2025,"QMED","esa","Post-Bleaching"
"334","TUT-139",0.852533467610677,29.6234589769541,"3/15/2025",20,11.5824,60,0,-14.352648,-170.787165,2025,"QMED","esa","Post-Bleaching"
"335","TUT-139",0.852533467610677,29.6234589769541,"3/15/2025",22.5,11.5824,60,0,-14.352648,-170.787165,2025,"QMED","esa","Post-Bleaching"
"336","TUT-139",0.852533467610677,29.6234589769541,"3/15/2025",40,11.5824,60,80,-14.352648,-170.787165,2025,"QMED","esa","Post-Bleaching"
"337","TUT-139",0.852533467610677,29.6234589769541,"3/15/2025",115,11.5824,60,85,-14.352648,-170.787165,2025,"Q80","esa","Post-Bleaching"
"338","TUT-139",0.852533467610677,29.6234589769541,"3/15/2025",7.5,11.5824,60,0,-14.352648,-170.787165,2025,"Q20","esa","Post-Bleaching"
"339","TUT-139",0.852533467610677,29.6234589769541,"3/15/2025",115,11.5824,60,95,-14.352648,-170.787165,2025,"Q80","esa","Post-Bleaching"
"340","TUT-139",0.852533467610677,29.6234589769541,"3/15/2025",40,9.144,60,45,-14.352648,-170.787165,2025,"QMED","esa","Post-Bleaching"
"341","TUT-139",0.852533467610677,29.6234589769541,"3/15/2025",30,9.144,60,50,-14.352648,-170.787165,2025,"QMED","esa","Post-Bleaching"
"342","TUT-139",0.852533467610677,29.6234589769541,"3/15/2025",85,9.144,60,85,-14.352648,-170.787165,2025,"Q80","esa","Post-Bleaching"
"343","TUT-139",0.852533467610677,29.6234589769541,"3/15/2025",40,9.144,60,90,-14.352648,-170.787165,2025,"QMED","esa","Post-Bleaching"
"344","TUT-139",0.852533467610677,29.6234589769541,"3/15/2025",10,9.144,60,0,-14.352648,-170.787165,2025,"Q20","esa","Post-Bleaching"
"345","TUT-139",0.852533467610677,29.6234589769541,"3/15/2025",5,9.144,60,0,-14.352648,-170.787165,2025,"Q20","esa","Post-Bleaching"
"346","TUT-139",0.852533467610677,29.6234589769541,"3/15/2025",40,9.144,60,90,-14.352648,-170.787165,2025,"QMED","esa","Post-Bleaching"
"347","TUT-139",0.852533467610677,29.6234589769541,"3/15/2025",10,9.144,60,0,-14.352648,-170.787165,2025,"Q20","esa","Post-Bleaching"
"348","TUT-139",0.852533467610677,29.6234589769541,"3/15/2025",30,9.144,60,15,-14.352648,-170.787165,2025,"QMED","esa","Post-Bleaching"
"349","TUT-139",0.852533467610677,29.6234589769541,"3/15/2025",10,9.144,60,0,-14.352648,-170.787165,2025,"Q20","esa","Post-Bleaching"
"350","TUT-139",0.852533467610677,29.6234589769541,"3/15/2025",5,9.144,60,0,-14.352648,-170.787165,2025,"Q20","esa","Post-Bleaching"
"351","TUT-139",0.852533467610677,29.6234589769541,"3/15/2025",40,9.144,60,40,-14.352648,-170.787165,2025,"QMED","esa","Post-Bleaching"
"352","TUT-139",0.852533467610677,29.6234589769541,"3/15/2025",40,9.144,60,10,-14.352648,-170.787165,2025,"QMED","esa","Post-Bleaching"
"353","TUT-139",0.852533467610677,29.6234589769541,"3/15/2025",25,9.144,60,5,-14.352648,-170.787165,2025,"QMED","esa","Post-Bleaching"
"354","TUT-139",0.852533467610677,29.6234589769541,"3/15/2025",30,9.144,60,50,-14.352648,-170.787165,2025,"QMED","esa","Post-Bleaching"
"355","TUT-139",0.852533467610677,29.6234589769541,"3/15/2025",38,12.192,60,15,-14.352648,-170.787165,2025,"QMED","esa","Post-Bleaching"
"356","TUT-139",0.852533467610677,29.6234589769541,"3/15/2025",63,12.192,60,80,-14.352648,-170.787165,2025,"Q80","esa","Post-Bleaching"
"357","TUT-139",0.852533467610677,29.6234589769541,"3/15/2025",35,12.192,60,15,-14.352648,-170.787165,2025,"QMED","esa","Post-Bleaching"
"358","TUT-139",0.852533467610677,29.6234589769541,"3/15/2025",38,12.192,60,85,-14.352648,-170.787165,2025,"QMED","esa","Post-Bleaching"
"359","TUT-139",0.852533467610677,29.6234589769541,"3/15/2025",28,12.192,60,10,-14.352648,-170.787165,2025,"QMED","esa","Post-Bleaching"
"360","TUT-139",0.852533467610677,29.6234589769541,"3/15/2025",28,12.192,60,15,-14.352648,-170.787165,2025,"QMED","esa","Post-Bleaching"
"361","TUT-139",0.852533467610677,29.6234589769541,"3/15/2025",25,12.192,60,5,-14.352648,-170.787165,2025,"QMED","esa","Post-Bleaching"
"362","TUT-139",0.852533467610677,29.6234589769541,"3/15/2025",60,12.192,60,95,-14.352648,-170.787165,2025,"Q80","esa","Post-Bleaching"
"363","TUT-139",0.852533467610677,29.6234589769541,"3/15/2025",31,12.192,60,95,-14.352648,-170.787165,2025,"QMED","esa","Post-Bleaching"
"364","TUT-139",0.852533467610677,29.6234589769541,"3/15/2025",19,12.192,60,0,-14.352648,-170.787165,2025,"QMED","esa","Post-Bleaching"
"365","TUT-139",0.852533467610677,29.6234589769541,"3/15/2025",17,12.192,60,0,-14.352648,-170.787165,2025,"QMED","esa","Post-Bleaching"
"366","TUT-139",0.852533467610677,29.6234589769541,"3/15/2025",110,12.192,60,85,-14.352648,-170.787165,2025,"Q80","esa","Post-Bleaching"
"367","TUT-139",0.852533467610677,29.6234589769541,"3/15/2025",25,12.192,60,55,-14.352648,-170.787165,2025,"QMED","esa","Post-Bleaching"
"368","TUT-139",0.852533467610677,29.6234589769541,"3/15/2025",40,12.192,60,40,-14.352648,-170.787165,2025,"QMED","esa","Post-Bleaching"
"369","TUT-139",0.852533467610677,29.6234589769541,"3/15/2025",42,12.192,60,50,-14.352648,-170.787165,2025,"Q80","esa","Post-Bleaching"
"370","TUT-139",0.852533467610677,29.6234589769541,"3/15/2025",19,12.192,60,10,-14.352648,-170.787165,2025,"QMED","esa","Post-Bleaching"
"371","TUT-139",0.852533467610677,29.6234589769541,"3/15/2025",41,12.192,60,85,-14.352648,-170.787165,2025,"Q80","esa","Post-Bleaching"
"372","TUT-139",0.852533467610677,29.6234589769541,"3/15/2025",38,12.192,60,25,-14.352648,-170.787165,2025,"QMED","esa","Post-Bleaching"
"373","TUT-139",0.852533467610677,29.6234589769541,"3/15/2025",19,12.192,60,50,-14.352648,-170.787165,2025,"QMED","esa","Post-Bleaching"
"374","TUT-139",0.852533467610677,29.6234589769541,"3/15/2025",20,12.192,60,0,-14.352648,-170.787165,2025,"QMED","esa","Post-Bleaching"
"375","TUT-139",0.852533467610677,29.6234589769541,"3/15/2025",52,12.192,60,10,-14.352648,-170.787165,2025,"Q80","esa","Post-Bleaching"
"376","TUT-139",0.852533467610677,29.6234589769541,"3/15/2025",41,12.192,60,50,-14.352648,-170.787165,2025,"Q80","esa","Post-Bleaching"
"377","TUT-139",0.852533467610677,29.6234589769541,"3/15/2025",17,12.192,60,1,-14.352648,-170.787165,2025,"QMED","esa","Post-Bleaching"
"378","TUT-139",0.852533467610677,29.6234589769541,"3/15/2025",12,12.192,60,0,-14.352648,-170.787165,2025,"Q20","esa","Post-Bleaching"
"379","TUT-139",0.852533467610677,29.6234589769541,"3/15/2025",32,12.192,60,90,-14.352648,-170.787165,2025,"QMED","esa","Post-Bleaching"
"380","TUT-139",0.852533467610677,29.6234589769541,"3/15/2025",9,12.192,60,0,-14.352648,-170.787165,2025,"Q20","esa","Post-Bleaching"
"381","TUT-086",0.867999776204427,29.579896197293,"3/18/2025",35,14.3256,60,0,-14.27703,-170.611737,2025,"QMED","esa","Post-Bleaching"
"382","TUT-086",0.867999776204427,29.579896197293,"3/18/2025",53,9.7536,60,50,-14.27703,-170.611737,2025,"Q80","esa","Post-Bleaching"
"383","TUT-086",0.867999776204427,29.579896197293,"3/18/2025",19,9.7536,60,10,-14.27703,-170.611737,2025,"QMED","esa","Post-Bleaching"
"384","TUT-086",0.867999776204427,29.579896197293,"3/18/2025",21,9.7536,60,5,-14.27703,-170.611737,2025,"QMED","esa","Post-Bleaching"
"385","TUT-157",0.869467035929362,29.5929836731791,"3/18/2025",15,11.5824,60,0,-14.274192,-170.619785,2025,"QMED","esa","Post-Bleaching"
"386","TUT-157",0.869467035929362,29.5929836731791,"3/18/2025",20,11.5824,60,0,-14.274192,-170.619785,2025,"QMED","esa","Post-Bleaching"
"387","TUT-157",0.869467035929362,29.5929836731791,"3/18/2025",17,11.5824,60,0,-14.274192,-170.619785,2025,"QMED","esa","Post-Bleaching"
"388","TUT-157",0.869467035929362,29.5929836731791,"3/18/2025",22.5,11.5824,60,90,-14.274192,-170.619785,2025,"QMED","esa","Post-Bleaching"
"389","TUT-157",0.869467035929362,29.5929836731791,"3/18/2025",12,11.5824,60,25,-14.274192,-170.619785,2025,"Q20","esa","Post-Bleaching"
"390","TUT-157",0.869467035929362,29.5929836731791,"3/18/2025",32,11.5824,60,20,-14.274192,-170.619785,2025,"QMED","esa","Post-Bleaching"
"391","TUT-157",0.869467035929362,29.5929836731791,"3/18/2025",60,11.5824,60,70,-14.274192,-170.619785,2025,"Q80","esa","Post-Bleaching"
"392","TUT-157",0.869467035929362,29.5929836731791,"3/18/2025",50,11.5824,60,65,-14.274192,-170.619785,2025,"Q80","esa","Post-Bleaching"
"393","TUT-157",0.869467035929362,29.5929836731791,"3/18/2025",40,11.5824,60,40,-14.274192,-170.619785,2025,"QMED","esa","Post-Bleaching"
"394","TUT-157",0.869467035929362,29.5929836731791,"3/18/2025",45,11.5824,60,20,-14.274192,-170.619785,2025,"Q80","esa","Post-Bleaching"
"395","TUT-157",0.869467035929362,29.5929836731791,"3/18/2025",40,11.5824,60,35,-14.274192,-170.619785,2025,"QMED","esa","Post-Bleaching"
"396","TUT-157",0.869467035929362,29.5929836731791,"3/18/2025",22.5,11.5824,60,15,-14.274192,-170.619785,2025,"QMED","esa","Post-Bleaching"
"397","TUT-157",0.869467035929362,29.5929836731791,"3/18/2025",15,11.5824,60,5,-14.274192,-170.619785,2025,"QMED","esa","Post-Bleaching"
"398","TUT-157",0.869467035929362,29.5929836731791,"3/18/2025",7,11.5824,60,0,-14.274192,-170.619785,2025,"Q20","esa","Post-Bleaching"
"399","TUT-157",0.869467035929362,29.5929836731791,"3/18/2025",13,13.4112,60,15,-14.274192,-170.619785,2025,"QMED","esa","Post-Bleaching"
"400","TUT-157",0.869467035929362,29.5929836731791,"3/18/2025",10,13.4112,60,0,-14.274192,-170.619785,2025,"Q20","esa","Post-Bleaching"
"401","TUT-157",0.869467035929362,29.5929836731791,"3/18/2025",42,13.4112,60,25,-14.274192,-170.619785,2025,"Q80","esa","Post-Bleaching"
"402","TUT-157",0.869467035929362,29.5929836731791,"3/18/2025",12,13.4112,60,5,-14.274192,-170.619785,2025,"Q20","esa","Post-Bleaching"
"403","TUT-157",0.869467035929362,29.5929836731791,"3/18/2025",21,13.4112,60,10,-14.274192,-170.619785,2025,"QMED","esa","Post-Bleaching"
"404","TUT-219",0.841333389282227,29.577382436867,"3/18/2025",16,14.0208,60,0,-14.28823,-170.639848,2025,"QMED","esa","Post-Bleaching"
"405","TUT-219",0.841333389282227,29.577382436867,"3/18/2025",19,14.0208,60,0,-14.28823,-170.639848,2025,"QMED","esa","Post-Bleaching"
"406","TUT-219",0.841333389282227,29.577382436867,"3/18/2025",13.5,14.0208,60,0,-14.28823,-170.639848,2025,"QMED","esa","Post-Bleaching"
"407","TUT-219",0.841333389282227,29.577382436867,"3/18/2025",15,14.0208,60,0,-14.28823,-170.639848,2025,"QMED","esa","Post-Bleaching"
"408","TUT-219",0.841333389282227,29.577382436867,"3/18/2025",25,14.0208,60,0,-14.28823,-170.639848,2025,"QMED","esa","Post-Bleaching"
"409","TUT-219",0.841333389282227,29.577382436867,"3/18/2025",100,11.5824,60,50,-14.28823,-170.639848,2025,"Q80","esa","Post-Bleaching"
"410","TUT-219",0.841333389282227,29.577382436867,"3/18/2025",30,11.5824,60,80,-14.28823,-170.639848,2025,"QMED","esa","Post-Bleaching"
"411","TUT-219",0.841333389282227,29.577382436867,"3/18/2025",40,11.5824,60,20,-14.28823,-170.639848,2025,"QMED","esa","Post-Bleaching"
"412","TUT-219",0.841333389282227,29.577382436867,"3/18/2025",45,11.5824,60,60,-14.28823,-170.639848,2025,"Q80","esa","Post-Bleaching"
"413","TUT-219",0.841333389282227,29.577382436867,"3/18/2025",8,11.5824,60,0,-14.28823,-170.639848,2025,"Q20","esa","Post-Bleaching"
"414","TUT-219",0.841333389282227,29.577382436867,"3/18/2025",10,11.5824,60,5,-14.28823,-170.639848,2025,"Q20","esa","Post-Bleaching"
"415","TUT-219",0.841333389282227,29.577382436867,"3/18/2025",27,11.5824,60,10,-14.28823,-170.639848,2025,"QMED","esa","Post-Bleaching"
"416","TUT-219",0.841333389282227,29.577382436867,"3/18/2025",10,11.5824,60,20,-14.28823,-170.639848,2025,"Q20","esa","Post-Bleaching"
"417","TUT-219",0.841333389282227,29.577382436867,"3/18/2025",15,11.5824,60,0,-14.28823,-170.639848,2025,"QMED","esa","Post-Bleaching"
"418","TUT-219",0.841333389282227,29.577382436867,"3/18/2025",65,7.62,60,25,-14.28823,-170.639848,2025,"Q80","esa","Post-Bleaching"
"419","TUT-219",0.841333389282227,29.577382436867,"3/18/2025",40,7.62,60,20,-14.28823,-170.639848,2025,"QMED","esa","Post-Bleaching"
"420","TUT-220",0.828133138020833,29.5943716184689,"3/18/2025",25,9.7536,60,0,-14.300247,-170.681886,2025,"QMED","esa","Post-Bleaching"
"421","TUT-220",0.828133138020833,29.5943716184689,"3/18/2025",35,9.7536,60,75,-14.300247,-170.681886,2025,"QMED","esa","Post-Bleaching"
"422","TUT-220",0.828133138020833,29.5943716184689,"3/18/2025",105,7.0104,60,85,-14.300247,-170.681886,2025,"Q80","esa","Post-Bleaching"
"423","TUT-220",0.828133138020833,29.5943716184689,"3/18/2025",13,7.0104,60,0,-14.300247,-170.681886,2025,"QMED","esa","Post-Bleaching"
"424","TUT-220",0.828133138020833,29.5943716184689,"3/18/2025",29,7.0104,60,60,-14.300247,-170.681886,2025,"QMED","esa","Post-Bleaching"
"425","TUT-220",0.828133138020833,29.5943716184689,"3/18/2025",75,7.0104,60,70,-14.300247,-170.681886,2025,"Q80","esa","Post-Bleaching"
"426","TUT-220",0.828133138020833,29.5943716184689,"3/18/2025",51,7.0104,60,85,-14.300247,-170.681886,2025,"Q80","esa","Post-Bleaching"
"427","TUT-220",0.828133138020833,29.5943716184689,"3/18/2025",50,7.0104,60,95,-14.300247,-170.681886,2025,"Q80","esa","Post-Bleaching"
"428","TUT-220",0.828133138020833,29.5943716184689,"3/18/2025",60,7.0104,60,70,-14.300247,-170.681886,2025,"Q80","esa","Post-Bleaching"
"429","TUT-220",0.828133138020833,29.5943716184689,"3/18/2025",17,7.0104,60,0,-14.300247,-170.681886,2025,"QMED","esa","Post-Bleaching"
"430","TUT-220",0.828133138020833,29.5943716184689,"3/18/2025",22,7.0104,60,5,-14.300247,-170.681886,2025,"QMED","esa","Post-Bleaching"
"431","TUT-220",0.828133138020833,29.5943716184689,"3/18/2025",78,7.0104,60,80,-14.300247,-170.681886,2025,"Q80","esa","Post-Bleaching"
"432","TUT-220",0.828133138020833,29.5943716184689,"3/18/2025",6,7.0104,60,10,-14.300247,-170.681886,2025,"Q20","esa","Post-Bleaching"
"433","TUT-222",0.819399897257487,29.6091311407871,"3/19/2025",50,12.8016,60,60,-14.363787,-170.772574,2025,"Q80","esa","Post-Bleaching"
"434","TUT-222",0.819399897257487,29.6091311407871,"3/19/2025",40,12.8016,60,70,-14.363787,-170.772574,2025,"QMED","esa","Post-Bleaching"
"435","TUT-222",0.819399897257487,29.6091311407871,"3/19/2025",35,12.8016,60,65,-14.363787,-170.772574,2025,"QMED","esa","Post-Bleaching"
"436","TUT-222",0.819399897257487,29.6091311407871,"3/19/2025",15,12.8016,60,0,-14.363787,-170.772574,2025,"QMED","esa","Post-Bleaching"
"437","TUT-222",0.819399897257487,29.6091311407871,"3/19/2025",40,12.8016,60,60,-14.363787,-170.772574,2025,"QMED","esa","Post-Bleaching"
"438","TUT-222",0.819399897257487,29.6091311407871,"3/19/2025",30,12.8016,60,10,-14.363787,-170.772574,2025,"QMED","esa","Post-Bleaching"
"439","TUT-222",0.819399897257487,29.6091311407871,"3/19/2025",48,12.8016,60,65,-14.363787,-170.772574,2025,"Q80","esa","Post-Bleaching"
"440","TUT-222",0.819399897257487,29.6091311407871,"3/19/2025",46,12.8016,60,50,-14.363787,-170.772574,2025,"Q80","esa","Post-Bleaching"
"441","TUT-222",0.819399897257487,29.6091311407871,"3/19/2025",35,12.8016,60,60,-14.363787,-170.772574,2025,"QMED","esa","Post-Bleaching"
"442","TUT-222",0.819399897257487,29.6091311407871,"3/19/2025",55,12.8016,60,30,-14.363787,-170.772574,2025,"Q80","esa","Post-Bleaching"
"443","TUT-222",0.819399897257487,29.6091311407871,"3/19/2025",34,12.8016,60,0,-14.363787,-170.772574,2025,"QMED","esa","Post-Bleaching"
"444","TUT-222",0.819399897257487,29.6091311407871,"3/19/2025",55,12.8016,60,40,-14.363787,-170.772574,2025,"Q80","esa","Post-Bleaching"
"445","TUT-222",0.819399897257487,29.6091311407871,"3/19/2025",15,12.8016,60,15,-14.363787,-170.772574,2025,"QMED","esa","Post-Bleaching"
"446","TUT-222",0.819399897257487,29.6091311407871,"3/19/2025",25,12.8016,60,30,-14.363787,-170.772574,2025,"QMED","esa","Post-Bleaching"
"447","TUT-222",0.819399897257487,29.6091311407871,"3/19/2025",22,12.8016,60,10,-14.363787,-170.772574,2025,"QMED","esa","Post-Bleaching"
"448","TUT-222",0.819399897257487,29.6091311407871,"3/19/2025",37,12.8016,60,25,-14.363787,-170.772574,2025,"QMED","esa","Post-Bleaching"
"449","TUT-222",0.819399897257487,29.6091311407871,"3/19/2025",10,12.8016,60,0,-14.363787,-170.772574,2025,"Q20","esa","Post-Bleaching"
"450","TUT-222",0.819399897257487,29.6091311407871,"3/19/2025",50,12.8016,60,25,-14.363787,-170.772574,2025,"Q80","esa","Post-Bleaching"
"451","TUT-222",0.819399897257487,29.6091311407871,"3/19/2025",45,12.8016,60,40,-14.363787,-170.772574,2025,"Q80","esa","Post-Bleaching"
"452","TUT-222",0.819399897257487,29.6091311407871,"3/19/2025",35,12.8016,60,30,-14.363787,-170.772574,2025,"QMED","esa","Post-Bleaching"
"453","TUT-222",0.819399897257487,29.6091311407871,"3/19/2025",20,12.8016,60,50,-14.363787,-170.772574,2025,"QMED","esa","Post-Bleaching"
"454","TUT-222",0.819399897257487,29.6091311407871,"3/19/2025",24,12.8016,60,0,-14.363787,-170.772574,2025,"QMED","esa","Post-Bleaching"
"455","TUT-222",0.819399897257487,29.6091311407871,"3/19/2025",22,12.8016,60,0,-14.363787,-170.772574,2025,"QMED","esa","Post-Bleaching"
"456","TUT-222",0.819399897257487,29.6091311407871,"3/19/2025",30,12.8016,60,10,-14.363787,-170.772574,2025,"QMED","esa","Post-Bleaching"
"457","TUT-222",0.819399897257487,29.6091311407871,"3/19/2025",55,12.8016,60,35,-14.363787,-170.772574,2025,"Q80","esa","Post-Bleaching"
"458","TUT-222",0.819399897257487,29.6091311407871,"3/19/2025",42,12.8016,60,60,-14.363787,-170.772574,2025,"Q80","esa","Post-Bleaching"
"459","TUT-222",0.819399897257487,29.6091311407871,"3/19/2025",24,12.8016,60,25,-14.363787,-170.772574,2025,"QMED","esa","Post-Bleaching"
"460","TUT-222",0.819399897257487,29.6091311407871,"3/19/2025",31,12.8016,60,30,-14.363787,-170.772574,2025,"QMED","esa","Post-Bleaching"
"461","TUT-222",0.819399897257487,29.6091311407871,"3/19/2025",42,12.8016,60,10,-14.363787,-170.772574,2025,"Q80","esa","Post-Bleaching"
"462","TUT-222",0.819399897257487,29.6091311407871,"3/19/2025",50,12.8016,60,85,-14.363787,-170.772574,2025,"Q80","esa","Post-Bleaching"
"463","TUT-222",0.819399897257487,29.6091311407871,"3/19/2025",30,12.8016,60,75,-14.363787,-170.772574,2025,"QMED","esa","Post-Bleaching"
"464","TUT-222",0.819399897257487,29.6091311407871,"3/19/2025",74,12.8016,60,40,-14.363787,-170.772574,2025,"Q80","esa","Post-Bleaching"
"465","TUT-222",0.819399897257487,29.6091311407871,"3/19/2025",30,13.1064,60,5,-14.363787,-170.772574,2025,"QMED","esa","Post-Bleaching"
"466","TUT-222",0.819399897257487,29.6091311407871,"3/19/2025",15,13.1064,60,0,-14.363787,-170.772574,2025,"QMED","esa","Post-Bleaching"
"467","TUT-222",0.819399897257487,29.6091311407871,"3/19/2025",70,13.1064,60,25,-14.363787,-170.772574,2025,"Q80","esa","Post-Bleaching"
"468","TUT-222",0.819399897257487,29.6091311407871,"3/19/2025",30,13.1064,60,35,-14.363787,-170.772574,2025,"QMED","esa","Post-Bleaching"
"469","TUT-222",0.819399897257487,29.6091311407871,"3/19/2025",20,13.1064,60,10,-14.363787,-170.772574,2025,"QMED","esa","Post-Bleaching"
"470","TUT-222",0.819399897257487,29.6091311407871,"3/19/2025",60,13.1064,60,75,-14.363787,-170.772574,2025,"Q80","esa","Post-Bleaching"
"471","TUT-222",0.819399897257487,29.6091311407871,"3/19/2025",35,13.1064,60,60,-14.363787,-170.772574,2025,"QMED","esa","Post-Bleaching"
"472","TUT-222",0.819399897257487,29.6091311407871,"3/19/2025",15,13.1064,60,20,-14.363787,-170.772574,2025,"QMED","esa","Post-Bleaching"
"473","TUT-222",0.819399897257487,29.6091311407871,"3/19/2025",25,13.1064,60,0,-14.363787,-170.772574,2025,"QMED","esa","Post-Bleaching"
"474","TUT-222",0.819399897257487,29.6091311407871,"3/19/2025",50,13.1064,60,95,-14.363787,-170.772574,2025,"Q80","esa","Post-Bleaching"
"475","TUT-222",0.819399897257487,29.6091311407871,"3/19/2025",30,13.1064,60,15,-14.363787,-170.772574,2025,"QMED","esa","Post-Bleaching"
"476","TUT-222",0.819399897257487,29.6091311407871,"3/19/2025",20,13.1064,60,0,-14.363787,-170.772574,2025,"QMED","esa","Post-Bleaching"
"477","TUT-222",0.819399897257487,29.6091311407871,"3/19/2025",25,13.1064,60,0,-14.363787,-170.772574,2025,"QMED","esa","Post-Bleaching"
"478","TUT-222",0.819399897257487,29.6091311407871,"3/19/2025",60,13.1064,60,98,-14.363787,-170.772574,2025,"Q80","esa","Post-Bleaching"
"479","TUT-222",0.819399897257487,29.6091311407871,"3/19/2025",45,13.1064,60,60,-14.363787,-170.772574,2025,"Q80","esa","Post-Bleaching"
"480","TUT-222",0.819399897257487,29.6091311407871,"3/19/2025",35,13.1064,60,10,-14.363787,-170.772574,2025,"QMED","esa","Post-Bleaching"
"481","TUT-222",0.819399897257487,29.6091311407871,"3/19/2025",15,13.1064,60,0,-14.363787,-170.772574,2025,"QMED","esa","Post-Bleaching"
"482","TUT-222",0.819399897257487,29.6091311407871,"3/19/2025",20,13.1064,60,10,-14.363787,-170.772574,2025,"QMED","esa","Post-Bleaching"
"483","TUT-222",0.819399897257487,29.6091311407871,"3/19/2025",10,13.1064,60,0,-14.363787,-170.772574,2025,"Q20","esa","Post-Bleaching"
"484","TUT-222",0.819399897257487,29.6091311407871,"3/19/2025",50,13.1064,60,15,-14.363787,-170.772574,2025,"Q80","esa","Post-Bleaching"
"485","TUT-222",0.819399897257487,29.6091311407871,"3/19/2025",40,13.1064,60,55,-14.363787,-170.772574,2025,"QMED","esa","Post-Bleaching"
"486","TUT-222",0.819399897257487,29.6091311407871,"3/19/2025",55,13.1064,60,50,-14.363787,-170.772574,2025,"Q80","esa","Post-Bleaching"
"487","TUT-222",0.819399897257487,29.6091311407871,"3/19/2025",35,13.1064,60,60,-14.363787,-170.772574,2025,"QMED","esa","Post-Bleaching"
"488","TUT-222",0.819399897257487,29.6091311407871,"3/19/2025",50,13.1064,60,95,-14.363787,-170.772574,2025,"Q80","esa","Post-Bleaching"
"489","TUT-222",0.819399897257487,29.6091311407871,"3/19/2025",15,13.1064,60,5,-14.363787,-170.772574,2025,"QMED","esa","Post-Bleaching"
"490","TUT-222",0.819399897257487,29.6091311407871,"3/19/2025",10,13.1064,60,0,-14.363787,-170.772574,2025,"Q20","esa","Post-Bleaching"
"491","TUT-222",0.819399897257487,29.6091311407871,"3/19/2025",40,13.1064,60,90,-14.363787,-170.772574,2025,"QMED","esa","Post-Bleaching"
"492","TUT-222",0.819399897257487,29.6091311407871,"3/19/2025",85,13.1064,60,30,-14.363787,-170.772574,2025,"Q80","esa","Post-Bleaching"
"493","TUT-222",0.819399897257487,29.6091311407871,"3/19/2025",35,13.1064,60,70,-14.363787,-170.772574,2025,"QMED","esa","Post-Bleaching"
"494","TUT-222",0.819399897257487,29.6091311407871,"3/19/2025",35,13.1064,60,20,-14.363787,-170.772574,2025,"QMED","esa","Post-Bleaching"
"495","TUT-222",0.819399897257487,29.6091311407871,"3/19/2025",19,13.716,60,10,-14.363787,-170.772574,2025,"QMED","esa","Post-Bleaching"
"496","TUT-222",0.819399897257487,29.6091311407871,"3/19/2025",34,13.716,60,5,-14.363787,-170.772574,2025,"QMED","esa","Post-Bleaching"
"497","TUT-222",0.819399897257487,29.6091311407871,"3/19/2025",13,13.716,60,5,-14.363787,-170.772574,2025,"QMED","esa","Post-Bleaching"
"498","TUT-222",0.819399897257487,29.6091311407871,"3/19/2025",33,13.716,60,10,-14.363787,-170.772574,2025,"QMED","esa","Post-Bleaching"
"499","TUT-222",0.819399897257487,29.6091311407871,"3/19/2025",71,13.716,60,40,-14.363787,-170.772574,2025,"Q80","esa","Post-Bleaching"
"500","TUT-222",0.819399897257487,29.6091311407871,"3/19/2025",60,13.716,60,10,-14.363787,-170.772574,2025,"Q80","esa","Post-Bleaching"
"501","TUT-222",0.819399897257487,29.6091311407871,"3/19/2025",16,13.716,60,5,-14.363787,-170.772574,2025,"QMED","esa","Post-Bleaching"
"502","TUT-222",0.819399897257487,29.6091311407871,"3/19/2025",29,13.716,60,5,-14.363787,-170.772574,2025,"QMED","esa","Post-Bleaching"
"503","TUT-222",0.819399897257487,29.6091311407871,"3/19/2025",53,13.716,60,20,-14.363787,-170.772574,2025,"Q80","esa","Post-Bleaching"
"504","TUT-222",0.819399897257487,29.6091311407871,"3/19/2025",78,13.716,60,20,-14.363787,-170.772574,2025,"Q80","esa","Post-Bleaching"
"505","TUT-222",0.819399897257487,29.6091311407871,"3/19/2025",26,13.716,60,15,-14.363787,-170.772574,2025,"QMED","esa","Post-Bleaching"
"506","TUT-222",0.819399897257487,29.6091311407871,"3/19/2025",15,13.716,60,2,-14.363787,-170.772574,2025,"QMED","esa","Post-Bleaching"
"507","TUT-222",0.819399897257487,29.6091311407871,"3/19/2025",75,13.716,60,15,-14.363787,-170.772574,2025,"Q80","esa","Post-Bleaching"
"508","TUT-222",0.819399897257487,29.6091311407871,"3/19/2025",85,13.716,60,45,-14.363787,-170.772574,2025,"Q80","esa","Post-Bleaching"
"509","TUT-222",0.819399897257487,29.6091311407871,"3/19/2025",75,13.716,60,35,-14.363787,-170.772574,2025,"Q80","esa","Post-Bleaching"
"510","TUT-222",0.819399897257487,29.6091311407871,"3/19/2025",40,13.716,60,15,-14.363787,-170.772574,2025,"QMED","esa","Post-Bleaching"
"511","TUT-222",0.819399897257487,29.6091311407871,"3/19/2025",22,13.716,60,5,-14.363787,-170.772574,2025,"QMED","esa","Post-Bleaching"
"512","TUT-222",0.819399897257487,29.6091311407871,"3/19/2025",52,13.716,60,40,-14.363787,-170.772574,2025,"Q80","esa","Post-Bleaching"
"513","TUT-222",0.819399897257487,29.6091311407871,"3/19/2025",85,13.716,60,60,-14.363787,-170.772574,2025,"Q80","esa","Post-Bleaching"
"514","TUT-222",0.819399897257487,29.6091311407871,"3/19/2025",41,13.716,60,60,-14.363787,-170.772574,2025,"Q80","esa","Post-Bleaching"
"515","TUT-222",0.819399897257487,29.6091311407871,"3/19/2025",57,13.716,60,10,-14.363787,-170.772574,2025,"Q80","esa","Post-Bleaching"
"516","TUT-222",0.819399897257487,29.6091311407871,"3/19/2025",19,13.716,60,20,-14.363787,-170.772574,2025,"QMED","esa","Post-Bleaching"
"517","TUT-222",0.819399897257487,29.6091311407871,"3/19/2025",71,13.716,60,50,-14.363787,-170.772574,2025,"Q80","esa","Post-Bleaching"
"518","TUT-222",0.819399897257487,29.6091311407871,"3/19/2025",50,13.716,60,25,-14.363787,-170.772574,2025,"Q80","esa","Post-Bleaching"
"519","TUT-222",0.819399897257487,29.6091311407871,"3/19/2025",55,13.716,60,80,-14.363787,-170.772574,2025,"Q80","esa","Post-Bleaching"
"520","TUT-222",0.819399897257487,29.6091311407871,"3/19/2025",45,13.716,60,15,-14.363787,-170.772574,2025,"Q80","esa","Post-Bleaching"
"521","TUT-222",0.819399897257487,29.6091311407871,"3/19/2025",30,13.716,60,5,-14.363787,-170.772574,2025,"QMED","esa","Post-Bleaching"
"522","TUT-222",0.819399897257487,29.6091311407871,"3/19/2025",43,13.716,60,5,-14.363787,-170.772574,2025,"Q80","esa","Post-Bleaching"
"523","TUT-222",0.819399897257487,29.6091311407871,"3/19/2025",23,13.716,60,10,-14.363787,-170.772574,2025,"QMED","esa","Post-Bleaching"
"524","TUT-222",0.819399897257487,29.6091311407871,"3/19/2025",58,13.716,60,50,-14.363787,-170.772574,2025,"Q80","esa","Post-Bleaching"
"525","TUT-223",0.855466715494792,29.6186174278051,"3/19/2025",40,10.9728,60,90,-14.35909,-170.785248,2025,"QMED","esa","Post-Bleaching"
"526","TUT-223",0.855466715494792,29.6186174278051,"3/19/2025",15,10.9728,60,0,-14.35909,-170.785248,2025,"QMED","esa","Post-Bleaching"
"527","TUT-223",0.855466715494792,29.6186174278051,"3/19/2025",45,10.9728,60,50,-14.35909,-170.785248,2025,"Q80","esa","Post-Bleaching"
"528","TUT-223",0.855466715494792,29.6186174278051,"3/19/2025",16,10.9728,60,5,-14.35909,-170.785248,2025,"QMED","esa","Post-Bleaching"
"529","TUT-223",0.855466715494792,29.6186174278051,"3/19/2025",17.5,10.9728,60,0,-14.35909,-170.785248,2025,"QMED","esa","Post-Bleaching"
"530","TUT-223",0.855466715494792,29.6186174278051,"3/19/2025",8,10.9728,60,0,-14.35909,-170.785248,2025,"Q20","esa","Post-Bleaching"
"531","TUT-223",0.855466715494792,29.6186174278051,"3/19/2025",10,10.9728,60,0,-14.35909,-170.785248,2025,"Q20","esa","Post-Bleaching"
"532","TUT-223",0.855466715494792,29.6186174278051,"3/19/2025",26,10.9728,60,0,-14.35909,-170.785248,2025,"QMED","esa","Post-Bleaching"
"533","TUT-223",0.855466715494792,29.6186174278051,"3/19/2025",6,10.9728,60,0,-14.35909,-170.785248,2025,"Q20","esa","Post-Bleaching"
"534","TUT-223",0.855466715494792,29.6186174278051,"3/19/2025",15,10.9728,60,5,-14.35909,-170.785248,2025,"QMED","esa","Post-Bleaching"
"535","TUT-223",0.855466715494792,29.6186174278051,"3/19/2025",30,10.9728,60,45,-14.35909,-170.785248,2025,"QMED","esa","Post-Bleaching"
"536","TUT-223",0.855466715494792,29.6186174278051,"3/19/2025",20,10.9728,60,5,-14.35909,-170.785248,2025,"QMED","esa","Post-Bleaching"
"537","TUT-223",0.855466715494792,29.6186174278051,"3/19/2025",17.5,10.9728,60,0,-14.35909,-170.785248,2025,"QMED","esa","Post-Bleaching"
"538","TUT-223",0.855466715494792,29.6186174278051,"3/19/2025",15,10.9728,60,0,-14.35909,-170.785248,2025,"QMED","esa","Post-Bleaching"
"539","TUT-223",0.855466715494792,29.6186174278051,"3/19/2025",12,10.9728,60,3,-14.35909,-170.785248,2025,"Q20","esa","Post-Bleaching"
"540","TUT-223",0.855466715494792,29.6186174278051,"3/19/2025",75,10.9728,60,65,-14.35909,-170.785248,2025,"Q80","esa","Post-Bleaching"
"541","TUT-223",0.855466715494792,29.6186174278051,"3/19/2025",67.5,10.9728,60,90,-14.35909,-170.785248,2025,"Q80","esa","Post-Bleaching"
"542","TUT-223",0.855466715494792,29.6186174278051,"3/19/2025",32.5,10.9728,60,20,-14.35909,-170.785248,2025,"QMED","esa","Post-Bleaching"
"543","TUT-223",0.855466715494792,29.6186174278051,"3/19/2025",15,10.9728,60,0,-14.35909,-170.785248,2025,"QMED","esa","Post-Bleaching"
"544","TUT-223",0.855466715494792,29.6186174278051,"3/19/2025",7,10.9728,60,0,-14.35909,-170.785248,2025,"Q20","esa","Post-Bleaching"
"545","TUT-223",0.855466715494792,29.6186174278051,"3/19/2025",30,10.9728,60,5,-14.35909,-170.785248,2025,"QMED","esa","Post-Bleaching"
"546","TUT-223",0.855466715494792,29.6186174278051,"3/19/2025",35,10.9728,60,20,-14.35909,-170.785248,2025,"QMED","esa","Post-Bleaching"
"547","TUT-223",0.855466715494792,29.6186174278051,"3/19/2025",42.5,10.9728,60,20,-14.35909,-170.785248,2025,"Q80","esa","Post-Bleaching"
"548","TUT-223",0.855466715494792,29.6186174278051,"3/19/2025",45,10.9728,60,20,-14.35909,-170.785248,2025,"Q80","esa","Post-Bleaching"
"549","TUT-223",0.855466715494792,29.6186174278051,"3/19/2025",20,10.9728,60,0,-14.35909,-170.785248,2025,"QMED","esa","Post-Bleaching"
"550","TUT-223",0.855466715494792,29.6186174278051,"3/19/2025",16,10.9728,60,5,-14.35909,-170.785248,2025,"QMED","esa","Post-Bleaching"
"551","TUT-223",0.855466715494792,29.6186174278051,"3/19/2025",57.5,10.9728,60,20,-14.35909,-170.785248,2025,"Q80","esa","Post-Bleaching"
"552","TUT-223",0.855466715494792,29.6186174278051,"3/19/2025",45,10.9728,60,75,-14.35909,-170.785248,2025,"Q80","esa","Post-Bleaching"
"553","TUT-223",0.855466715494792,29.6186174278051,"3/19/2025",5,10.9728,60,2,-14.35909,-170.785248,2025,"Q20","esa","Post-Bleaching"
"554","TUT-223",0.855466715494792,29.6186174278051,"3/19/2025",22.5,10.9728,60,0,-14.35909,-170.785248,2025,"QMED","esa","Post-Bleaching"
"555","TUT-223",0.855466715494792,29.6186174278051,"3/19/2025",35,10.9728,60,60,-14.35909,-170.785248,2025,"QMED","esa","Post-Bleaching"
"556","TUT-223",0.855466715494792,29.6186174278051,"3/19/2025",27,10.9728,60,65,-14.35909,-170.785248,2025,"QMED","esa","Post-Bleaching"
"557","TUT-223",0.855466715494792,29.6186174278051,"3/19/2025",26,10.9728,60,15,-14.35909,-170.785248,2025,"QMED","esa","Post-Bleaching"
"558","TUT-223",0.855466715494792,29.6186174278051,"3/19/2025",27,10.9728,60,10,-14.35909,-170.785248,2025,"QMED","esa","Post-Bleaching"
"559","TUT-223",0.855466715494792,29.6186174278051,"3/19/2025",14,10.9728,60,0,-14.35909,-170.785248,2025,"QMED","esa","Post-Bleaching"
"560","TUT-223",0.855466715494792,29.6186174278051,"3/19/2025",74,10.9728,60,55,-14.35909,-170.785248,2025,"Q80","esa","Post-Bleaching"
"561","TUT-223",0.855466715494792,29.6186174278051,"3/19/2025",27,10.9728,60,30,-14.35909,-170.785248,2025,"QMED","esa","Post-Bleaching"
"562","TUT-223",0.855466715494792,29.6186174278051,"3/19/2025",10,10.9728,60,0,-14.35909,-170.785248,2025,"Q20","esa","Post-Bleaching"
"563","TUT-223",0.855466715494792,29.6186174278051,"3/19/2025",6,10.9728,60,25,-14.35909,-170.785248,2025,"Q20","esa","Post-Bleaching"
"564","TUT-223",0.855466715494792,29.6186174278051,"3/19/2025",17,10.9728,60,40,-14.35909,-170.785248,2025,"QMED","esa","Post-Bleaching"
"565","TUT-223",0.855466715494792,29.6186174278051,"3/19/2025",34,10.9728,60,30,-14.35909,-170.785248,2025,"QMED","esa","Post-Bleaching"
"566","TUT-223",0.855466715494792,29.6186174278051,"3/19/2025",6,10.9728,60,0,-14.35909,-170.785248,2025,"Q20","esa","Post-Bleaching"
"567","TUT-223",0.855466715494792,29.6186174278051,"3/19/2025",6,10.9728,60,25,-14.35909,-170.785248,2025,"Q20","esa","Post-Bleaching"
"568","TUT-223",0.855466715494792,29.6186174278051,"3/19/2025",10,10.9728,60,0,-14.35909,-170.785248,2025,"Q20","esa","Post-Bleaching"
"569","TUT-223",0.855466715494792,29.6186174278051,"3/19/2025",12,10.9728,60,0,-14.35909,-170.785248,2025,"Q20","esa","Post-Bleaching"
"570","TUT-223",0.855466715494792,29.6186174278051,"3/19/2025",37,10.9728,60,75,-14.35909,-170.785248,2025,"QMED","esa","Post-Bleaching"
"571","TUT-223",0.855466715494792,29.6186174278051,"3/19/2025",50,10.9728,60,65,-14.35909,-170.785248,2025,"Q80","esa","Post-Bleaching"
"572","TUT-223",0.855466715494792,29.6186174278051,"3/19/2025",5,10.9728,60,0,-14.35909,-170.785248,2025,"Q20","esa","Post-Bleaching"
"573","TUT-223",0.855466715494792,29.6186174278051,"3/19/2025",40,10.9728,60,30,-14.35909,-170.785248,2025,"QMED","esa","Post-Bleaching"
"574","TUT-223",0.855466715494792,29.6186174278051,"3/19/2025",48,10.9728,60,60,-14.35909,-170.785248,2025,"Q80","esa","Post-Bleaching"
"575","TUT-223",0.855466715494792,29.6186174278051,"3/19/2025",17,10.9728,60,20,-14.35909,-170.785248,2025,"QMED","esa","Post-Bleaching"
"576","TUT-223",0.855466715494792,29.6186174278051,"3/19/2025",31,10.9728,60,5,-14.35909,-170.785248,2025,"QMED","esa","Post-Bleaching"
"577","TUT-223",0.855466715494792,29.6186174278051,"3/19/2025",35,10.9728,60,10,-14.35909,-170.785248,2025,"QMED","esa","Post-Bleaching"
"578","TUT-223",0.855466715494792,29.6186174278051,"3/19/2025",25,10.9728,60,25,-14.35909,-170.785248,2025,"QMED","esa","Post-Bleaching"
"579","TUT-223",0.855466715494792,29.6186174278051,"3/19/2025",27,10.9728,60,60,-14.35909,-170.785248,2025,"QMED","esa","Post-Bleaching"
"580","TUT-223",0.855466715494792,29.6186174278051,"3/19/2025",32,10.9728,60,55,-14.35909,-170.785248,2025,"QMED","esa","Post-Bleaching"
"581","TUT-223",0.855466715494792,29.6186174278051,"3/19/2025",7,10.9728,60,0,-14.35909,-170.785248,2025,"Q20","esa","Post-Bleaching"
"582","TUT-223",0.855466715494792,29.6186174278051,"3/19/2025",10,10.9728,60,0,-14.35909,-170.785248,2025,"Q20","esa","Post-Bleaching"
"583","TUT-223",0.855466715494792,29.6186174278051,"3/19/2025",6,10.9728,60,0,-14.35909,-170.785248,2025,"Q20","esa","Post-Bleaching"
"584","TUT-223",0.855466715494792,29.6186174278051,"3/19/2025",7,10.9728,60,0,-14.35909,-170.785248,2025,"Q20","esa","Post-Bleaching"
"585","TUT-223",0.855466715494792,29.6186174278051,"3/19/2025",38,10.0584,60,70,-14.35909,-170.785248,2025,"QMED","esa","Post-Bleaching"
"586","TUT-223",0.855466715494792,29.6186174278051,"3/19/2025",5,10.0584,60,0,-14.35909,-170.785248,2025,"Q20","esa","Post-Bleaching"
"587","TUT-223",0.855466715494792,29.6186174278051,"3/19/2025",21,10.0584,60,35,-14.35909,-170.785248,2025,"QMED","esa","Post-Bleaching"
"588","TUT-223",0.855466715494792,29.6186174278051,"3/19/2025",23,10.0584,60,25,-14.35909,-170.785248,2025,"QMED","esa","Post-Bleaching"
"589","TUT-223",0.855466715494792,29.6186174278051,"3/19/2025",60,10.0584,60,90,-14.35909,-170.785248,2025,"Q80","esa","Post-Bleaching"
"590","TUT-223",0.855466715494792,29.6186174278051,"3/19/2025",5,10.0584,60,0,-14.35909,-170.785248,2025,"Q20","esa","Post-Bleaching"
"591","TUT-223",0.855466715494792,29.6186174278051,"3/19/2025",6,10.0584,60,0,-14.35909,-170.785248,2025,"Q20","esa","Post-Bleaching"
"592","TUT-223",0.855466715494792,29.6186174278051,"3/19/2025",49,10.0584,60,95,-14.35909,-170.785248,2025,"Q80","esa","Post-Bleaching"
"593","TUT-223",0.855466715494792,29.6186174278051,"3/19/2025",7,10.0584,60,1,-14.35909,-170.785248,2025,"Q20","esa","Post-Bleaching"
"594","TUT-223",0.855466715494792,29.6186174278051,"3/19/2025",5,10.0584,60,0,-14.35909,-170.785248,2025,"Q20","esa","Post-Bleaching"
"595","TUT-223",0.855466715494792,29.6186174278051,"3/19/2025",15,10.0584,60,0,-14.35909,-170.785248,2025,"QMED","esa","Post-Bleaching"
"596","TUT-223",0.855466715494792,29.6186174278051,"3/19/2025",5,10.0584,60,0,-14.35909,-170.785248,2025,"Q20","esa","Post-Bleaching"
"597","TUT-223",0.855466715494792,29.6186174278051,"3/19/2025",21,10.0584,60,1,-14.35909,-170.785248,2025,"QMED","esa","Post-Bleaching"
"598","TUT-223",0.855466715494792,29.6186174278051,"3/19/2025",52,10.0584,60,35,-14.35909,-170.785248,2025,"Q80","esa","Post-Bleaching"
"599","TUT-223",0.855466715494792,29.6186174278051,"3/19/2025",44,10.0584,60,20,-14.35909,-170.785248,2025,"Q80","esa","Post-Bleaching"
"600","TUT-223",0.855466715494792,29.6186174278051,"3/19/2025",14,10.0584,60,1,-14.35909,-170.785248,2025,"QMED","esa","Post-Bleaching"
"601","TUT-223",0.855466715494792,29.6186174278051,"3/19/2025",80,10.0584,60,65,-14.35909,-170.785248,2025,"Q80","esa","Post-Bleaching"
"602","TUT-223",0.855466715494792,29.6186174278051,"3/19/2025",20,10.0584,60,15,-14.35909,-170.785248,2025,"QMED","esa","Post-Bleaching"
"603","TUT-223",0.855466715494792,29.6186174278051,"3/19/2025",33,10.0584,60,20,-14.35909,-170.785248,2025,"QMED","esa","Post-Bleaching"
"604","TUT-223",0.855466715494792,29.6186174278051,"3/19/2025",125,10.0584,60,85,-14.35909,-170.785248,2025,"Q80","esa","Post-Bleaching"
"605","TUT-223",0.855466715494792,29.6186174278051,"3/19/2025",16,10.0584,60,25,-14.35909,-170.785248,2025,"QMED","esa","Post-Bleaching"
"606","TUT-223",0.855466715494792,29.6186174278051,"3/19/2025",42,10.0584,60,80,-14.35909,-170.785248,2025,"Q80","esa","Post-Bleaching"
"607","TUT-223",0.855466715494792,29.6186174278051,"3/19/2025",38,10.0584,60,85,-14.35909,-170.785248,2025,"QMED","esa","Post-Bleaching"
"608","TUT-223",0.855466715494792,29.6186174278051,"3/19/2025",10,10.0584,60,0,-14.35909,-170.785248,2025,"Q20","esa","Post-Bleaching"
"609","TUT-223",0.855466715494792,29.6186174278051,"3/19/2025",6,10.0584,60,0,-14.35909,-170.785248,2025,"Q20","esa","Post-Bleaching"
"610","TUT-223",0.855466715494792,29.6186174278051,"3/19/2025",8,10.0584,60,0,-14.35909,-170.785248,2025,"Q20","esa","Post-Bleaching"
"611","TUT-223",0.855466715494792,29.6186174278051,"3/19/2025",59,10.0584,60,90,-14.35909,-170.785248,2025,"Q80","esa","Post-Bleaching"
"612","TUT-223",0.855466715494792,29.6186174278051,"3/19/2025",30,10.0584,60,25,-14.35909,-170.785248,2025,"QMED","esa","Post-Bleaching"
"613","TUT-223",0.855466715494792,29.6186174278051,"3/19/2025",15,10.0584,60,0,-14.35909,-170.785248,2025,"QMED","esa","Post-Bleaching"
"614","TUT-223",0.855466715494792,29.6186174278051,"3/19/2025",20,10.0584,60,5,-14.35909,-170.785248,2025,"QMED","esa","Post-Bleaching"
"615","TUT-098",0.837999852498372,29.5670436796595,"3/21/2025",32.5,14.6304,60,8,-14.314128,-170.652116,2025,"QMED","esa","Post-Bleaching"
"616","TUT-098",0.837999852498372,29.5670436796595,"3/21/2025",40,16.1544,60,20,-14.314128,-170.652116,2025,"QMED","esa","Post-Bleaching"
"617","TUT-098",0.837999852498372,29.5670436796595,"3/21/2025",38,14.6304,60,10,-14.314128,-170.652116,2025,"QMED","esa","Post-Bleaching"
