"","SITE","lat","DHW_Mean","DHW_MeanMax_Major","DHW_Dur","DHW_Dur_Major","DHW_Max_Major","DHW_Max_Major5","SST_AnnRange","SST_MonthRange","SST_Mean","SST_Q05","SST_Q95","SST_SD","SST_BiweekRange","DATE_","COLONYLENGTH","MAX_DEPTH_M","Area_surveyed_m2","PER_DEAD","LATITUDE","LONGITUDE","YEAR","TAIL_BINS","Data_Source","Bleaching_Period","month","prop_DEAD"
"1","TUT-214",-14.28309,17.4555721282959,17.4555721282959,118,94,17.4555721282959,20.023509979248,3.00899982452393,1.27966658274333,28.9006602875174,27.4349994659424,30.4157997131348,0.939818043309482,0.934370323463723,2025-03-12,7,11.5824,60,0,-14.28309,-170.607,2025,"Q20","esa","Post-Bleaching",3,0
"2","TUT-214",-14.28309,17.4555721282959,17.4555721282959,118,94,17.4555721282959,20.023509979248,3.00899982452393,1.27966658274333,28.9006602875174,27.4349994659424,30.4157997131348,0.939818043309482,0.934370323463723,2025-03-12,5,11.5824,60,0,-14.28309,-170.607,2025,"Q20","esa","Post-Bleaching",3,0
"3","TUT-214",-14.28309,17.4555721282959,17.4555721282959,118,94,17.4555721282959,20.023509979248,3.00899982452393,1.27966658274333,28.9006602875174,27.4349994659424,30.4157997131348,0.939818043309482,0.934370323463723,2025-03-12,5,11.5824,60,0,-14.28309,-170.607,2025,"Q20","esa","Post-Bleaching",3,0
"4","TUT-214",-14.28309,17.4555721282959,17.4555721282959,118,94,17.4555721282959,20.023509979248,3.00899982452393,1.27966658274333,28.9006602875174,27.4349994659424,30.4157997131348,0.939818043309482,0.934370323463723,2025-03-12,11,11.5824,60,10,-14.28309,-170.607,2025,"Q20","esa","Post-Bleaching",3,0.1
"5","TUT-214",-14.28309,17.4555721282959,17.4555721282959,118,94,17.4555721282959,20.023509979248,3.00899982452393,1.27966658274333,28.9006602875174,27.4349994659424,30.4157997131348,0.939818043309482,0.934370323463723,2025-03-12,6,11.5824,60,0,-14.28309,-170.607,2025,"Q20","esa","Post-Bleaching",3,0
"6","TUT-214",-14.28309,17.4555721282959,17.4555721282959,118,94,17.4555721282959,20.023509979248,3.00899982452393,1.27966658274333,28.9006602875174,27.4349994659424,30.4157997131348,0.939818043309482,0.934370323463723,2025-03-12,6,11.5824,60,0,-14.28309,-170.607,2025,"Q20","esa","Post-Bleaching",3,0
"7","TUT-214",-14.28309,17.4555721282959,17.4555721282959,118,94,17.4555721282959,20.023509979248,3.00899982452393,1.27966658274333,28.9006602875174,27.4349994659424,30.4157997131348,0.939818043309482,0.934370323463723,2025-03-12,7,11.5824,60,0,-14.28309,-170.607,2025,"Q20","esa","Post-Bleaching",3,0
"8","TUT-214",-14.28309,17.4555721282959,17.4555721282959,118,94,17.4555721282959,20.023509979248,3.00899982452393,1.27966658274333,28.9006602875174,27.4349994659424,30.4157997131348,0.939818043309482,0.934370323463723,2025-03-12,5,11.5824,60,0,-14.28309,-170.607,2025,"Q20","esa","Post-Bleaching",3,0
"9","TUT-214",-14.28309,17.4555721282959,17.4555721282959,118,94,17.4555721282959,20.023509979248,3.00899982452393,1.27966658274333,28.9006602875174,27.4349994659424,30.4157997131348,0.939818043309482,0.934370323463723,2025-03-12,5,11.5824,60,0,-14.28309,-170.607,2025,"Q20","esa","Post-Bleaching",3,0
"10","TUT-214",-14.28309,17.4555721282959,17.4555721282959,118,94,17.4555721282959,20.023509979248,3.00899982452393,1.27966658274333,28.9006602875174,27.4349994659424,30.4157997131348,0.939818043309482,0.934370323463723,2025-03-12,6,11.5824,60,0,-14.28309,-170.607,2025,"Q20","esa","Post-Bleaching",3,0
"11","TUT-214",-14.28309,17.4555721282959,17.4555721282959,118,94,17.4555721282959,20.023509979248,3.00899982452393,1.27966658274333,28.9006602875174,27.4349994659424,30.4157997131348,0.939818043309482,0.934370323463723,2025-03-12,5,11.5824,60,0,-14.28309,-170.607,2025,"Q20","esa","Post-Bleaching",3,0
"12","TUT-214",-14.28309,17.4555721282959,17.4555721282959,118,94,17.4555721282959,20.023509979248,3.00899982452393,1.27966658274333,28.9006602875174,27.4349994659424,30.4157997131348,0.939818043309482,0.934370323463723,2025-03-12,5,11.5824,60,0,-14.28309,-170.607,2025,"Q20","esa","Post-Bleaching",3,0
"13","TUT-214",-14.28309,17.4555721282959,17.4555721282959,118,94,17.4555721282959,20.023509979248,3.00899982452393,1.27966658274333,28.9006602875174,27.4349994659424,30.4157997131348,0.939818043309482,0.934370323463723,2025-03-12,5,9.144,60,0,-14.28309,-170.607,2025,"Q20","esa","Post-Bleaching",3,0
"14","TUT-214",-14.28309,17.4555721282959,17.4555721282959,118,94,17.4555721282959,20.023509979248,3.00899982452393,1.27966658274333,28.9006602875174,27.4349994659424,30.4157997131348,0.939818043309482,0.934370323463723,2025-03-12,5,9.144,60,0,-14.28309,-170.607,2025,"Q20","esa","Post-Bleaching",3,0
"15","TUT-214",-14.28309,17.4555721282959,17.4555721282959,118,94,17.4555721282959,20.023509979248,3.00899982452393,1.27966658274333,28.9006602875174,27.4349994659424,30.4157997131348,0.939818043309482,0.934370323463723,2025-03-12,10,9.144,60,0,-14.28309,-170.607,2025,"Q20","esa","Post-Bleaching",3,0
"16","TUT-214",-14.28309,17.4555721282959,17.4555721282959,118,94,17.4555721282959,20.023509979248,3.00899982452393,1.27966658274333,28.9006602875174,27.4349994659424,30.4157997131348,0.939818043309482,0.934370323463723,2025-03-12,10,9.144,60,0,-14.28309,-170.607,2025,"Q20","esa","Post-Bleaching",3,0
"17","TUT-214",-14.28309,17.4555721282959,17.4555721282959,118,94,17.4555721282959,20.023509979248,3.00899982452393,1.27966658274333,28.9006602875174,27.4349994659424,30.4157997131348,0.939818043309482,0.934370323463723,2025-03-12,10,9.144,60,0,-14.28309,-170.607,2025,"Q20","esa","Post-Bleaching",3,0
"18","TUT-214",-14.28309,17.4555721282959,17.4555721282959,118,94,17.4555721282959,20.023509979248,3.00899982452393,1.27966658274333,28.9006602875174,27.4349994659424,30.4157997131348,0.939818043309482,0.934370323463723,2025-03-12,10,9.144,60,10,-14.28309,-170.607,2025,"Q20","esa","Post-Bleaching",3,0.1
"19","TUT-214",-14.28309,17.4555721282959,17.4555721282959,118,94,17.4555721282959,20.023509979248,3.00899982452393,1.27966658274333,28.9006602875174,27.4349994659424,30.4157997131348,0.939818043309482,0.934370323463723,2025-03-12,5,9.144,60,0,-14.28309,-170.607,2025,"Q20","esa","Post-Bleaching",3,0
"20","TUT-214",-14.28309,17.4555721282959,17.4555721282959,118,94,17.4555721282959,20.023509979248,3.00899982452393,1.27966658274333,28.9006602875174,27.4349994659424,30.4157997131348,0.939818043309482,0.934370323463723,2025-03-12,6,14.3256,60,0,-14.28309,-170.607,2025,"Q20","esa","Post-Bleaching",3,0
"21","TUT-214",-14.28309,17.4555721282959,17.4555721282959,118,94,17.4555721282959,20.023509979248,3.00899982452393,1.27966658274333,28.9006602875174,27.4349994659424,30.4157997131348,0.939818043309482,0.934370323463723,2025-03-12,8,14.3256,60,0,-14.28309,-170.607,2025,"Q20","esa","Post-Bleaching",3,0
"22","TUT-214",-14.28309,17.4555721282959,17.4555721282959,118,94,17.4555721282959,20.023509979248,3.00899982452393,1.27966658274333,28.9006602875174,27.4349994659424,30.4157997131348,0.939818043309482,0.934370323463723,2025-03-12,5,14.3256,60,0,-14.28309,-170.607,2025,"Q20","esa","Post-Bleaching",3,0
"23","TUT-214",-14.28309,17.4555721282959,17.4555721282959,118,94,17.4555721282959,20.023509979248,3.00899982452393,1.27966658274333,28.9006602875174,27.4349994659424,30.4157997131348,0.939818043309482,0.934370323463723,2025-03-12,6,14.3256,60,0,-14.28309,-170.607,2025,"Q20","esa","Post-Bleaching",3,0
"24","TUT-214",-14.28309,17.4555721282959,17.4555721282959,118,94,17.4555721282959,20.023509979248,3.00899982452393,1.27966658274333,28.9006602875174,27.4349994659424,30.4157997131348,0.939818043309482,0.934370323463723,2025-03-12,7,14.3256,60,0,-14.28309,-170.607,2025,"Q20","esa","Post-Bleaching",3,0
"25","TUT-214",-14.28309,17.4555721282959,17.4555721282959,118,94,17.4555721282959,20.023509979248,3.00899982452393,1.27966658274333,28.9006602875174,27.4349994659424,30.4157997131348,0.939818043309482,0.934370323463723,2025-03-12,6,14.3256,60,0,-14.28309,-170.607,2025,"Q20","esa","Post-Bleaching",3,0
"26","TUT-214",-14.28309,17.4555721282959,17.4555721282959,118,94,17.4555721282959,20.023509979248,3.00899982452393,1.27966658274333,28.9006602875174,27.4349994659424,30.4157997131348,0.939818043309482,0.934370323463723,2025-03-12,10,14.3256,60,0,-14.28309,-170.607,2025,"Q20","esa","Post-Bleaching",3,0
"27","TUT-214",-14.28309,17.4555721282959,17.4555721282959,118,94,17.4555721282959,20.023509979248,3.00899982452393,1.27966658274333,28.9006602875174,27.4349994659424,30.4157997131348,0.939818043309482,0.934370323463723,2025-03-12,6,14.3256,60,0,-14.28309,-170.607,2025,"Q20","esa","Post-Bleaching",3,0
"28","TUT-214",-14.28309,17.4555721282959,17.4555721282959,118,94,17.4555721282959,20.023509979248,3.00899982452393,1.27966658274333,28.9006602875174,27.4349994659424,30.4157997131348,0.939818043309482,0.934370323463723,2025-03-12,11,14.3256,60,0,-14.28309,-170.607,2025,"Q20","esa","Post-Bleaching",3,0
"29","TUT-171",-14.332425,18.8915767669678,18.8915767669678,149,100,18.8915767669678,18.8915767669678,2.81049919128418,1.32291634877523,28.9750547853235,27.497399520874,30.4879997253418,0.947868022165371,0.932518570511429,2025-03-13,9,10.9728,60,0,-14.332425,-170.824373,2025,"Q20","esa","Post-Bleaching",3,0
"30","TUT-171",-14.332425,18.8915767669678,18.8915767669678,149,100,18.8915767669678,18.8915767669678,2.81049919128418,1.32291634877523,28.9750547853235,27.497399520874,30.4879997253418,0.947868022165371,0.932518570511429,2025-03-13,10,10.9728,60,5,-14.332425,-170.824373,2025,"Q20","esa","Post-Bleaching",3,0.05
"31","TUT-171",-14.332425,18.8915767669678,18.8915767669678,149,100,18.8915767669678,18.8915767669678,2.81049919128418,1.32291634877523,28.9750547853235,27.497399520874,30.4879997253418,0.947868022165371,0.932518570511429,2025-03-13,5,10.9728,60,0,-14.332425,-170.824373,2025,"Q20","esa","Post-Bleaching",3,0
"32","TUT-171",-14.332425,18.8915767669678,18.8915767669678,149,100,18.8915767669678,18.8915767669678,2.81049919128418,1.32291634877523,28.9750547853235,27.497399520874,30.4879997253418,0.947868022165371,0.932518570511429,2025-03-13,9,10.9728,60,0,-14.332425,-170.824373,2025,"Q20","esa","Post-Bleaching",3,0
"33","TUT-171",-14.332425,18.8915767669678,18.8915767669678,149,100,18.8915767669678,18.8915767669678,2.81049919128418,1.32291634877523,28.9750547853235,27.497399520874,30.4879997253418,0.947868022165371,0.932518570511429,2025-03-13,12,10.9728,60,10,-14.332425,-170.824373,2025,"Q20","esa","Post-Bleaching",3,0.1
"34","TUT-171",-14.332425,18.8915767669678,18.8915767669678,149,100,18.8915767669678,18.8915767669678,2.81049919128418,1.32291634877523,28.9750547853235,27.497399520874,30.4879997253418,0.947868022165371,0.932518570511429,2025-03-13,6,10.9728,60,0,-14.332425,-170.824373,2025,"Q20","esa","Post-Bleaching",3,0
"35","TUT-171",-14.332425,18.8915767669678,18.8915767669678,149,100,18.8915767669678,18.8915767669678,2.81049919128418,1.32291634877523,28.9750547853235,27.497399520874,30.4879997253418,0.947868022165371,0.932518570511429,2025-03-13,6,11.5824,60,0,-14.332425,-170.824373,2025,"Q20","esa","Post-Bleaching",3,0
"36","TUT-171",-14.332425,18.8915767669678,18.8915767669678,149,100,18.8915767669678,18.8915767669678,2.81049919128418,1.32291634877523,28.9750547853235,27.497399520874,30.4879997253418,0.947868022165371,0.932518570511429,2025-03-13,11,11.5824,60,10,-14.332425,-170.824373,2025,"Q20","esa","Post-Bleaching",3,0.1
"37","TUT-171",-14.332425,18.8915767669678,18.8915767669678,149,100,18.8915767669678,18.8915767669678,2.81049919128418,1.32291634877523,28.9750547853235,27.497399520874,30.4879997253418,0.947868022165371,0.932518570511429,2025-03-13,7,11.5824,60,0,-14.332425,-170.824373,2025,"Q20","esa","Post-Bleaching",3,0
"38","TUT-216",-14.329052,20.6169414520264,20.6169414520264,174,102,20.6169414520264,20.6169414520264,2.82750034332275,1.34025049209595,28.9828904347877,27.5096000671387,30.5235996246338,0.952173753163818,0.942963140982169,2025-03-14,11,12.4968,60,0,-14.329052,-170.831801,2025,"Q20","esa","Post-Bleaching",3,0
"39","TUT-216",-14.329052,20.6169414520264,20.6169414520264,174,102,20.6169414520264,20.6169414520264,2.82750034332275,1.34025049209595,28.9828904347877,27.5096000671387,30.5235996246338,0.952173753163818,0.942963140982169,2025-03-14,7,12.4968,60,0,-14.329052,-170.831801,2025,"Q20","esa","Post-Bleaching",3,0
"40","TUT-216",-14.329052,20.6169414520264,20.6169414520264,174,102,20.6169414520264,20.6169414520264,2.82750034332275,1.34025049209595,28.9828904347877,27.5096000671387,30.5235996246338,0.952173753163818,0.942963140982169,2025-03-14,10,9.144,60,0,-14.329052,-170.831801,2025,"Q20","esa","Post-Bleaching",3,0
"41","TUT-216",-14.329052,20.6169414520264,20.6169414520264,174,102,20.6169414520264,20.6169414520264,2.82750034332275,1.34025049209595,28.9828904347877,27.5096000671387,30.5235996246338,0.952173753163818,0.942963140982169,2025-03-14,10,9.144,60,0,-14.329052,-170.831801,2025,"Q20","esa","Post-Bleaching",3,0
"42","TUT-216",-14.329052,20.6169414520264,20.6169414520264,174,102,20.6169414520264,20.6169414520264,2.82750034332275,1.34025049209595,28.9828904347877,27.5096000671387,30.5235996246338,0.952173753163818,0.942963140982169,2025-03-14,12,9.144,60,0,-14.329052,-170.831801,2025,"Q20","esa","Post-Bleaching",3,0
"43","TUT-216",-14.329052,20.6169414520264,20.6169414520264,174,102,20.6169414520264,20.6169414520264,2.82750034332275,1.34025049209595,28.9828904347877,27.5096000671387,30.5235996246338,0.952173753163818,0.942963140982169,2025-03-14,10,9.144,60,0,-14.329052,-170.831801,2025,"Q20","esa","Post-Bleaching",3,0
"44","TUT-216",-14.329052,20.6169414520264,20.6169414520264,174,102,20.6169414520264,20.6169414520264,2.82750034332275,1.34025049209595,28.9828904347877,27.5096000671387,30.5235996246338,0.952173753163818,0.942963140982169,2025-03-14,5,9.144,60,0,-14.329052,-170.831801,2025,"Q20","esa","Post-Bleaching",3,0
"45","TUT-216",-14.329052,20.6169414520264,20.6169414520264,174,102,20.6169414520264,20.6169414520264,2.82750034332275,1.34025049209595,28.9828904347877,27.5096000671387,30.5235996246338,0.952173753163818,0.942963140982169,2025-03-14,12,9.144,60,0,-14.329052,-170.831801,2025,"Q20","esa","Post-Bleaching",3,0
"46","TUT-216",-14.329052,20.6169414520264,20.6169414520264,174,102,20.6169414520264,20.6169414520264,2.82750034332275,1.34025049209595,28.9828904347877,27.5096000671387,30.5235996246338,0.952173753163818,0.942963140982169,2025-03-14,10,9.144,60,0,-14.329052,-170.831801,2025,"Q20","esa","Post-Bleaching",3,0
"47","TUT-216",-14.329052,20.6169414520264,20.6169414520264,174,102,20.6169414520264,20.6169414520264,2.82750034332275,1.34025049209595,28.9828904347877,27.5096000671387,30.5235996246338,0.952173753163818,0.942963140982169,2025-03-14,11,12.4968,60,0,-14.329052,-170.831801,2025,"Q20","esa","Post-Bleaching",3,0
"48","TUT-216",-14.329052,20.6169414520264,20.6169414520264,174,102,20.6169414520264,20.6169414520264,2.82750034332275,1.34025049209595,28.9828904347877,27.5096000671387,30.5235996246338,0.952173753163818,0.942963140982169,2025-03-14,10,12.4968,60,0,-14.329052,-170.831801,2025,"Q20","esa","Post-Bleaching",3,0
"49","TUT-216",-14.329052,20.6169414520264,20.6169414520264,174,102,20.6169414520264,20.6169414520264,2.82750034332275,1.34025049209595,28.9828904347877,27.5096000671387,30.5235996246338,0.952173753163818,0.942963140982169,2025-03-14,6,12.4968,60,0,-14.329052,-170.831801,2025,"Q20","esa","Post-Bleaching",3,0
"50","TUT-126",-14.336157,18.3957347869873,18.3957347869873,149,100,18.3957347869873,18.3957347869873,2.82000064849854,1.30416663487752,28.9541397251495,27.4681991577148,30.4540000915527,0.942267059302221,0.917666682490596,2025-03-15,9,13.716,60,0,-14.336157,-170.796416,2025,"Q20","esa","Post-Bleaching",3,0
"51","TUT-126",-14.336157,18.3957347869873,18.3957347869873,149,100,18.3957347869873,18.3957347869873,2.82000064849854,1.30416663487752,28.9541397251495,27.4681991577148,30.4540000915527,0.942267059302221,0.917666682490596,2025-03-15,11,13.716,60,3,-14.336157,-170.796416,2025,"Q20","esa","Post-Bleaching",3,0.03
"52","TUT-126",-14.336157,18.3957347869873,18.3957347869873,149,100,18.3957347869873,18.3957347869873,2.82000064849854,1.30416663487752,28.9541397251495,27.4681991577148,30.4540000915527,0.942267059302221,0.917666682490596,2025-03-15,11,13.716,60,0,-14.336157,-170.796416,2025,"Q20","esa","Post-Bleaching",3,0
"53","TUT-126",-14.336157,18.3957347869873,18.3957347869873,149,100,18.3957347869873,18.3957347869873,2.82000064849854,1.30416663487752,28.9541397251495,27.4681991577148,30.4540000915527,0.942267059302221,0.917666682490596,2025-03-15,10,12.8016,60,0,-14.336157,-170.796416,2025,"Q20","esa","Post-Bleaching",3,0
"54","TUT-126",-14.336157,18.3957347869873,18.3957347869873,149,100,18.3957347869873,18.3957347869873,2.82000064849854,1.30416663487752,28.9541397251495,27.4681991577148,30.4540000915527,0.942267059302221,0.917666682490596,2025-03-15,10,12.8016,60,5,-14.336157,-170.796416,2025,"Q20","esa","Post-Bleaching",3,0.05
"55","TUT-126",-14.336157,18.3957347869873,18.3957347869873,149,100,18.3957347869873,18.3957347869873,2.82000064849854,1.30416663487752,28.9541397251495,27.4681991577148,30.4540000915527,0.942267059302221,0.917666682490596,2025-03-15,12,12.8016,60,0,-14.336157,-170.796416,2025,"Q20","esa","Post-Bleaching",3,0
"56","TUT-126",-14.336157,18.3957347869873,18.3957347869873,149,100,18.3957347869873,18.3957347869873,2.82000064849854,1.30416663487752,28.9541397251495,27.4681991577148,30.4540000915527,0.942267059302221,0.917666682490596,2025-03-15,6,12.8016,60,0,-14.336157,-170.796416,2025,"Q20","esa","Post-Bleaching",3,0
"57","TUT-126",-14.336157,18.3957347869873,18.3957347869873,149,100,18.3957347869873,18.3957347869873,2.82000064849854,1.30416663487752,28.9541397251495,27.4681991577148,30.4540000915527,0.942267059302221,0.917666682490596,2025-03-15,10,12.8016,60,5,-14.336157,-170.796416,2025,"Q20","esa","Post-Bleaching",3,0.05
"58","TUT-126",-14.336157,18.3957347869873,18.3957347869873,149,100,18.3957347869873,18.3957347869873,2.82000064849854,1.30416663487752,28.9541397251495,27.4681991577148,30.4540000915527,0.942267059302221,0.917666682490596,2025-03-15,10,12.8016,60,0,-14.336157,-170.796416,2025,"Q20","esa","Post-Bleaching",3,0
"59","TUT-126",-14.336157,18.3957347869873,18.3957347869873,149,100,18.3957347869873,18.3957347869873,2.82000064849854,1.30416663487752,28.9541397251495,27.4681991577148,30.4540000915527,0.942267059302221,0.917666682490596,2025-03-15,10,12.192,60,0,-14.336157,-170.796416,2025,"Q20","esa","Post-Bleaching",3,0
"60","TUT-126",-14.336157,18.3957347869873,18.3957347869873,149,100,18.3957347869873,18.3957347869873,2.82000064849854,1.30416663487752,28.9541397251495,27.4681991577148,30.4540000915527,0.942267059302221,0.917666682490596,2025-03-15,11,12.192,60,0,-14.336157,-170.796416,2025,"Q20","esa","Post-Bleaching",3,0
"61","TUT-126",-14.336157,18.3957347869873,18.3957347869873,149,100,18.3957347869873,18.3957347869873,2.82000064849854,1.30416663487752,28.9541397251495,27.4681991577148,30.4540000915527,0.942267059302221,0.917666682490596,2025-03-15,6,12.192,60,0,-14.336157,-170.796416,2025,"Q20","esa","Post-Bleaching",3,0
"62","TUT-126",-14.336157,18.3957347869873,18.3957347869873,149,100,18.3957347869873,18.3957347869873,2.82000064849854,1.30416663487752,28.9541397251495,27.4681991577148,30.4540000915527,0.942267059302221,0.917666682490596,2025-03-15,8,12.192,60,0,-14.336157,-170.796416,2025,"Q20","esa","Post-Bleaching",3,0
"63","TUT-126",-14.336157,18.3957347869873,18.3957347869873,149,100,18.3957347869873,18.3957347869873,2.82000064849854,1.30416663487752,28.9541397251495,27.4681991577148,30.4540000915527,0.942267059302221,0.917666682490596,2025-03-15,9,12.192,60,0,-14.336157,-170.796416,2025,"Q20","esa","Post-Bleaching",3,0
"64","TUT-126",-14.336157,18.3957347869873,18.3957347869873,149,100,18.3957347869873,18.3957347869873,2.82000064849854,1.30416663487752,28.9541397251495,27.4681991577148,30.4540000915527,0.942267059302221,0.917666682490596,2025-03-15,11,12.192,60,0,-14.336157,-170.796416,2025,"Q20","esa","Post-Bleaching",3,0
"65","TUT-139",-14.352648,15.5891466140747,15.5891466140747,149,91,15.5891466140747,15.5891466140747,2.85249996185303,1.29858350753784,28.942750716536,27.4592002868652,30.4468002319336,0.941314666663432,0.915407463356301,2025-03-15,7.5,11.5824,60,0,-14.352648,-170.787165,2025,"Q20","esa","Post-Bleaching",3,0
"66","TUT-139",-14.352648,15.5891466140747,15.5891466140747,149,91,15.5891466140747,15.5891466140747,2.85249996185303,1.29858350753784,28.942750716536,27.4592002868652,30.4468002319336,0.941314666663432,0.915407463356301,2025-03-15,10,9.144,60,0,-14.352648,-170.787165,2025,"Q20","esa","Post-Bleaching",3,0
"67","TUT-139",-14.352648,15.5891466140747,15.5891466140747,149,91,15.5891466140747,15.5891466140747,2.85249996185303,1.29858350753784,28.942750716536,27.4592002868652,30.4468002319336,0.941314666663432,0.915407463356301,2025-03-15,5,9.144,60,0,-14.352648,-170.787165,2025,"Q20","esa","Post-Bleaching",3,0
"68","TUT-139",-14.352648,15.5891466140747,15.5891466140747,149,91,15.5891466140747,15.5891466140747,2.85249996185303,1.29858350753784,28.942750716536,27.4592002868652,30.4468002319336,0.941314666663432,0.915407463356301,2025-03-15,10,9.144,60,0,-14.352648,-170.787165,2025,"Q20","esa","Post-Bleaching",3,0
"69","TUT-139",-14.352648,15.5891466140747,15.5891466140747,149,91,15.5891466140747,15.5891466140747,2.85249996185303,1.29858350753784,28.942750716536,27.4592002868652,30.4468002319336,0.941314666663432,0.915407463356301,2025-03-15,10,9.144,60,0,-14.352648,-170.787165,2025,"Q20","esa","Post-Bleaching",3,0
"70","TUT-139",-14.352648,15.5891466140747,15.5891466140747,149,91,15.5891466140747,15.5891466140747,2.85249996185303,1.29858350753784,28.942750716536,27.4592002868652,30.4468002319336,0.941314666663432,0.915407463356301,2025-03-15,5,9.144,60,0,-14.352648,-170.787165,2025,"Q20","esa","Post-Bleaching",3,0
"71","TUT-139",-14.352648,15.5891466140747,15.5891466140747,149,91,15.5891466140747,15.5891466140747,2.85249996185303,1.29858350753784,28.942750716536,27.4592002868652,30.4468002319336,0.941314666663432,0.915407463356301,2025-03-15,12,12.192,60,0,-14.352648,-170.787165,2025,"Q20","esa","Post-Bleaching",3,0
"72","TUT-139",-14.352648,15.5891466140747,15.5891466140747,149,91,15.5891466140747,15.5891466140747,2.85249996185303,1.29858350753784,28.942750716536,27.4592002868652,30.4468002319336,0.941314666663432,0.915407463356301,2025-03-15,9,12.192,60,0,-14.352648,-170.787165,2025,"Q20","esa","Post-Bleaching",3,0
"73","TUT-157",-14.274192,20.9342250823975,20.9342250823975,124,97,20.9342250823975,20.9342250823975,3.0310001373291,1.27425003051758,28.9106493701674,27.4267993927002,30.4484001159668,0.94296886928663,0.934963296960901,2025-03-18,12,11.5824,60,25,-14.274192,-170.619785,2025,"Q20","esa","Post-Bleaching",3,0.25
"74","TUT-157",-14.274192,20.9342250823975,20.9342250823975,124,97,20.9342250823975,20.9342250823975,3.0310001373291,1.27425003051758,28.9106493701674,27.4267993927002,30.4484001159668,0.94296886928663,0.934963296960901,2025-03-18,7,11.5824,60,0,-14.274192,-170.619785,2025,"Q20","esa","Post-Bleaching",3,0
"75","TUT-157",-14.274192,20.9342250823975,20.9342250823975,124,97,20.9342250823975,20.9342250823975,3.0310001373291,1.27425003051758,28.9106493701674,27.4267993927002,30.4484001159668,0.94296886928663,0.934963296960901,2025-03-18,10,13.4112,60,0,-14.274192,-170.619785,2025,"Q20","esa","Post-Bleaching",3,0
"76","TUT-157",-14.274192,20.9342250823975,20.9342250823975,124,97,20.9342250823975,20.9342250823975,3.0310001373291,1.27425003051758,28.9106493701674,27.4267993927002,30.4484001159668,0.94296886928663,0.934963296960901,2025-03-18,12,13.4112,60,5,-14.274192,-170.619785,2025,"Q20","esa","Post-Bleaching",3,0.05
"77","TUT-219",-14.28823,17.6321678161621,17.6321678161621,118,94,17.6321678161621,18.1391658782959,2.94700050354004,1.24383370081584,28.8998629530815,27.428800201416,30.369800567627,0.933210480412314,0.906740895024052,2025-03-18,8,11.5824,60,0,-14.28823,-170.639848,2025,"Q20","esa","Post-Bleaching",3,0
"78","TUT-219",-14.28823,17.6321678161621,17.6321678161621,118,94,17.6321678161621,18.1391658782959,2.94700050354004,1.24383370081584,28.8998629530815,27.428800201416,30.369800567627,0.933210480412314,0.906740895024052,2025-03-18,10,11.5824,60,5,-14.28823,-170.639848,2025,"Q20","esa","Post-Bleaching",3,0.05
"79","TUT-219",-14.28823,17.6321678161621,17.6321678161621,118,94,17.6321678161621,18.1391658782959,2.94700050354004,1.24383370081584,28.8998629530815,27.428800201416,30.369800567627,0.933210480412314,0.906740895024052,2025-03-18,10,11.5824,60,20,-14.28823,-170.639848,2025,"Q20","esa","Post-Bleaching",3,0.2
"80","TUT-220",-14.300247,19.1003360748291,19.1003360748291,123,96,19.1003360748291,19.1003360748291,2.88200092315674,1.22775014241536,28.9152630270344,27.4624004364014,30.3860004425049,0.932016842589759,0.879592542295103,2025-03-18,6,7.0104,60,10,-14.300247,-170.681886,2025,"Q20","esa","Post-Bleaching",3,0.1
"81","TUT-222",-14.363787,14.2315549850464,14.2315549850464,104,94,14.2315549850464,14.2315549850464,2.88249969482422,1.26433308919271,28.9315452209891,27.456600189209,30.4245998382568,0.936727536668241,0.899703767564562,2025-03-19,10,12.8016,60,0,-14.363787,-170.772574,2025,"Q20","esa","Post-Bleaching",3,0
"82","TUT-222",-14.363787,14.2315549850464,14.2315549850464,104,94,14.2315549850464,14.2315549850464,2.88249969482422,1.26433308919271,28.9315452209891,27.456600189209,30.4245998382568,0.936727536668241,0.899703767564562,2025-03-19,10,13.1064,60,0,-14.363787,-170.772574,2025,"Q20","esa","Post-Bleaching",3,0
"83","TUT-222",-14.363787,14.2315549850464,14.2315549850464,104,94,14.2315549850464,14.2315549850464,2.88249969482422,1.26433308919271,28.9315452209891,27.456600189209,30.4245998382568,0.936727536668241,0.899703767564562,2025-03-19,10,13.1064,60,0,-14.363787,-170.772574,2025,"Q20","esa","Post-Bleaching",3,0
"84","TUT-223",-14.35909,15.5891466140747,15.5891466140747,149,91,15.5891466140747,15.5891466140747,2.88899898529053,1.30883328119914,28.9370985423049,27.4631996154785,30.4426002502441,0.942963924181437,0.923962981612594,2025-03-19,8,10.9728,60,0,-14.35909,-170.785248,2025,"Q20","esa","Post-Bleaching",3,0
"85","TUT-223",-14.35909,15.5891466140747,15.5891466140747,149,91,15.5891466140747,15.5891466140747,2.88899898529053,1.30883328119914,28.9370985423049,27.4631996154785,30.4426002502441,0.942963924181437,0.923962981612594,2025-03-19,10,10.9728,60,0,-14.35909,-170.785248,2025,"Q20","esa","Post-Bleaching",3,0
"86","TUT-223",-14.35909,15.5891466140747,15.5891466140747,149,91,15.5891466140747,15.5891466140747,2.88899898529053,1.30883328119914,28.9370985423049,27.4631996154785,30.4426002502441,0.942963924181437,0.923962981612594,2025-03-19,6,10.9728,60,0,-14.35909,-170.785248,2025,"Q20","esa","Post-Bleaching",3,0
"87","TUT-223",-14.35909,15.5891466140747,15.5891466140747,149,91,15.5891466140747,15.5891466140747,2.88899898529053,1.30883328119914,28.9370985423049,27.4631996154785,30.4426002502441,0.942963924181437,0.923962981612594,2025-03-19,12,10.9728,60,3,-14.35909,-170.785248,2025,"Q20","esa","Post-Bleaching",3,0.03
"88","TUT-223",-14.35909,15.5891466140747,15.5891466140747,149,91,15.5891466140747,15.5891466140747,2.88899898529053,1.30883328119914,28.9370985423049,27.4631996154785,30.4426002502441,0.942963924181437,0.923962981612594,2025-03-19,7,10.9728,60,0,-14.35909,-170.785248,2025,"Q20","esa","Post-Bleaching",3,0
"89","TUT-223",-14.35909,15.5891466140747,15.5891466140747,149,91,15.5891466140747,15.5891466140747,2.88899898529053,1.30883328119914,28.9370985423049,27.4631996154785,30.4426002502441,0.942963924181437,0.923962981612594,2025-03-19,5,10.9728,60,2,-14.35909,-170.785248,2025,"Q20","esa","Post-Bleaching",3,0.02
"90","TUT-223",-14.35909,15.5891466140747,15.5891466140747,149,91,15.5891466140747,15.5891466140747,2.88899898529053,1.30883328119914,28.9370985423049,27.4631996154785,30.4426002502441,0.942963924181437,0.923962981612594,2025-03-19,10,10.9728,60,0,-14.35909,-170.785248,2025,"Q20","esa","Post-Bleaching",3,0
"91","TUT-223",-14.35909,15.5891466140747,15.5891466140747,149,91,15.5891466140747,15.5891466140747,2.88899898529053,1.30883328119914,28.9370985423049,27.4631996154785,30.4426002502441,0.942963924181437,0.923962981612594,2025-03-19,6,10.9728,60,25,-14.35909,-170.785248,2025,"Q20","esa","Post-Bleaching",3,0.25
"92","TUT-223",-14.35909,15.5891466140747,15.5891466140747,149,91,15.5891466140747,15.5891466140747,2.88899898529053,1.30883328119914,28.9370985423049,27.4631996154785,30.4426002502441,0.942963924181437,0.923962981612594,2025-03-19,6,10.9728,60,0,-14.35909,-170.785248,2025,"Q20","esa","Post-Bleaching",3,0
"93","TUT-223",-14.35909,15.5891466140747,15.5891466140747,149,91,15.5891466140747,15.5891466140747,2.88899898529053,1.30883328119914,28.9370985423049,27.4631996154785,30.4426002502441,0.942963924181437,0.923962981612594,2025-03-19,6,10.9728,60,25,-14.35909,-170.785248,2025,"Q20","esa","Post-Bleaching",3,0.25
"94","TUT-223",-14.35909,15.5891466140747,15.5891466140747,149,91,15.5891466140747,15.5891466140747,2.88899898529053,1.30883328119914,28.9370985423049,27.4631996154785,30.4426002502441,0.942963924181437,0.923962981612594,2025-03-19,10,10.9728,60,0,-14.35909,-170.785248,2025,"Q20","esa","Post-Bleaching",3,0
"95","TUT-223",-14.35909,15.5891466140747,15.5891466140747,149,91,15.5891466140747,15.5891466140747,2.88899898529053,1.30883328119914,28.9370985423049,27.4631996154785,30.4426002502441,0.942963924181437,0.923962981612594,2025-03-19,12,10.9728,60,0,-14.35909,-170.785248,2025,"Q20","esa","Post-Bleaching",3,0
"96","TUT-223",-14.35909,15.5891466140747,15.5891466140747,149,91,15.5891466140747,15.5891466140747,2.88899898529053,1.30883328119914,28.9370985423049,27.4631996154785,30.4426002502441,0.942963924181437,0.923962981612594,2025-03-19,5,10.9728,60,0,-14.35909,-170.785248,2025,"Q20","esa","Post-Bleaching",3,0
"97","TUT-223",-14.35909,15.5891466140747,15.5891466140747,149,91,15.5891466140747,15.5891466140747,2.88899898529053,1.30883328119914,28.9370985423049,27.4631996154785,30.4426002502441,0.942963924181437,0.923962981612594,2025-03-19,7,10.9728,60,0,-14.35909,-170.785248,2025,"Q20","esa","Post-Bleaching",3,0
"98","TUT-223",-14.35909,15.5891466140747,15.5891466140747,149,91,15.5891466140747,15.5891466140747,2.88899898529053,1.30883328119914,28.9370985423049,27.4631996154785,30.4426002502441,0.942963924181437,0.923962981612594,2025-03-19,10,10.9728,60,0,-14.35909,-170.785248,2025,"Q20","esa","Post-Bleaching",3,0
"99","TUT-223",-14.35909,15.5891466140747,15.5891466140747,149,91,15.5891466140747,15.5891466140747,2.88899898529053,1.30883328119914,28.9370985423049,27.4631996154785,30.4426002502441,0.942963924181437,0.923962981612594,2025-03-19,6,10.9728,60,0,-14.35909,-170.785248,2025,"Q20","esa","Post-Bleaching",3,0
"100","TUT-223",-14.35909,15.5891466140747,15.5891466140747,149,91,15.5891466140747,15.5891466140747,2.88899898529053,1.30883328119914,28.9370985423049,27.4631996154785,30.4426002502441,0.942963924181437,0.923962981612594,2025-03-19,7,10.9728,60,0,-14.35909,-170.785248,2025,"Q20","esa","Post-Bleaching",3,0
"101","TUT-223",-14.35909,15.5891466140747,15.5891466140747,149,91,15.5891466140747,15.5891466140747,2.88899898529053,1.30883328119914,28.9370985423049,27.4631996154785,30.4426002502441,0.942963924181437,0.923962981612594,2025-03-19,5,10.0584,60,0,-14.35909,-170.785248,2025,"Q20","esa","Post-Bleaching",3,0
"102","TUT-223",-14.35909,15.5891466140747,15.5891466140747,149,91,15.5891466140747,15.5891466140747,2.88899898529053,1.30883328119914,28.9370985423049,27.4631996154785,30.4426002502441,0.942963924181437,0.923962981612594,2025-03-19,5,10.0584,60,0,-14.35909,-170.785248,2025,"Q20","esa","Post-Bleaching",3,0
"103","TUT-223",-14.35909,15.5891466140747,15.5891466140747,149,91,15.5891466140747,15.5891466140747,2.88899898529053,1.30883328119914,28.9370985423049,27.4631996154785,30.4426002502441,0.942963924181437,0.923962981612594,2025-03-19,6,10.0584,60,0,-14.35909,-170.785248,2025,"Q20","esa","Post-Bleaching",3,0
"104","TUT-223",-14.35909,15.5891466140747,15.5891466140747,149,91,15.5891466140747,15.5891466140747,2.88899898529053,1.30883328119914,28.9370985423049,27.4631996154785,30.4426002502441,0.942963924181437,0.923962981612594,2025-03-19,7,10.0584,60,1,-14.35909,-170.785248,2025,"Q20","esa","Post-Bleaching",3,0.01
"105","TUT-223",-14.35909,15.5891466140747,15.5891466140747,149,91,15.5891466140747,15.5891466140747,2.88899898529053,1.30883328119914,28.9370985423049,27.4631996154785,30.4426002502441,0.942963924181437,0.923962981612594,2025-03-19,5,10.0584,60,0,-14.35909,-170.785248,2025,"Q20","esa","Post-Bleaching",3,0
"106","TUT-223",-14.35909,15.5891466140747,15.5891466140747,149,91,15.5891466140747,15.5891466140747,2.88899898529053,1.30883328119914,28.9370985423049,27.4631996154785,30.4426002502441,0.942963924181437,0.923962981612594,2025-03-19,5,10.0584,60,0,-14.35909,-170.785248,2025,"Q20","esa","Post-Bleaching",3,0
"107","TUT-223",-14.35909,15.5891466140747,15.5891466140747,149,91,15.5891466140747,15.5891466140747,2.88899898529053,1.30883328119914,28.9370985423049,27.4631996154785,30.4426002502441,0.942963924181437,0.923962981612594,2025-03-19,10,10.0584,60,0,-14.35909,-170.785248,2025,"Q20","esa","Post-Bleaching",3,0
"108","TUT-223",-14.35909,15.5891466140747,15.5891466140747,149,91,15.5891466140747,15.5891466140747,2.88899898529053,1.30883328119914,28.9370985423049,27.4631996154785,30.4426002502441,0.942963924181437,0.923962981612594,2025-03-19,6,10.0584,60,0,-14.35909,-170.785248,2025,"Q20","esa","Post-Bleaching",3,0
"109","TUT-223",-14.35909,15.5891466140747,15.5891466140747,149,91,15.5891466140747,15.5891466140747,2.88899898529053,1.30883328119914,28.9370985423049,27.4631996154785,30.4426002502441,0.942963924181437,0.923962981612594,2025-03-19,8,10.0584,60,0,-14.35909,-170.785248,2025,"Q20","esa","Post-Bleaching",3,0
